STN,Date,TG,TN,TNH,TX,TXH
240,20090101,5,-4,7,24,21
240,20090102,-2,-66,24,27,10
240,20090103,-9,-88,3,30,23
240,20090104,31,19,3,41,13
240,20090105,-8,-39,21,22,1
240,20090106,-43,-75,21,-7,13
240,20090107,2,-37,1,52,13
240,20090108,-39,-68,24,-17,1
240,20090109,-53,-83,5,-12,15
240,20090110,-52,-82,1,-30,13
240,20090111,-8,-54,8,29,15
240,20090112,43,14,1,57,11
240,20090113,45,39,22,53,2
240,20090114,42,23,22,68,12
240,20090115,29,14,24,48,14
240,20090116,18,1,4,32,24
240,20090117,46,25,18,75,15
240,20090118,55,15,22,74,6
240,20090119,44,18,4,78,14
240,20090120,38,15,6,59,14
240,20090121,34,17,2,51,13
240,20090122,45,20,4,75,19
240,20090123,52,40,24,77,14
240,20090124,40,-2,23,63,12
240,20090125,25,-6,1,58,14
240,20090126,14,-12,23,52,14
240,20090127,-4,-37,21,27,14
240,20090128,-14,-43,8,23,15
240,20090129,-5,-33,8,28,14
240,20090130,3,-38,6,56,14
240,20090131,3,-24,5,37,13
240,20090201,-11,-19,5,9,1
240,20090202,12,-17,2,32,19
240,20090203,20,3,20,36,10
240,20090204,4,-17,5,24,13
240,20090205,30,-3,4,62,19
240,20090206,42,7,7,81,12
240,20090207,28,3,19,60,14
240,20090208,11,-11,6,39,10
240,20090209,28,7,1,48,12
240,20090210,36,17,11,74,6
240,20090211,22,-12,22,58,11
240,20090212,14,-21,5,57,15
240,20090213,20,0,24,50,14
240,20090214,-7,-53,7,46,13
240,20090215,23,-40,2,51,20
240,20090216,60,44,3,80,12
240,20090217,41,-6,23,68,11
240,20090218,-1,-26,21,29,14
240,20090219,25,-17,1,53,21
240,20090220,50,19,23,61,12
240,20090221,54,12,5,89,14
240,20090222,64,46,3,82,11
240,20090223,58,33,23,73,15
240,20090224,43,6,21,78,15
240,20090225,54,14,5,79,15
240,20090226,66,53,3,82,14
240,20090227,73,60,4,82,16
240,20090228,73,58,23,90,14
240,20090301,66,4,6,108,14
240,20090302,50,15,22,95,13
240,20090303,63,41,1,81,15
240,20090304,56,32,24,68,8
240,20090305,46,2,5,79,13
240,20090306,47,-1,24,82,14
240,20090307,53,-20,6,98,12
240,20090308,73,36,23,96,12
240,20090309,63,38,1,85,15
240,20090310,58,43,21,72,14
240,20090311,65,34,6,100,15
240,20090312,79,47,24,96,10
240,20090313,75,29,4,119,15
240,20090314,85,72,4,119,10
240,20090315,78,53,20,108,10
240,20090316,80,50,22,130,15
240,20090317,67,21,24,109,10
240,20090318,55,-3,5,117,15
240,20090319,68,37,24,104,14
240,20090320,51,-5,6,99,14
240,20090321,49,-14,5,109,13
240,20090322,81,53,1,113,13
240,20090323,68,32,24,90,13
240,20090324,53,27,2,87,12
240,20090325,62,42,5,87,14
240,20090326,74,50,5,107,16
240,20090327,67,48,24,94,13
240,20090328,62,35,24,103,13
240,20090329,60,29,1,97,15
240,20090330,57,3,6,113,14
240,20090331,77,7,3,136,12
240,20090401,94,34,5,143,16
240,20090402,115,68,6,169,16
240,20090403,122,55,4,220,14
240,20090404,90,60,1,115,14
240,20090405,91,55,5,150,14
240,20090406,125,53,4,185,17
240,20090407,105,78,24,131,12
240,20090408,86,42,24,123,16
240,20090409,106,19,5,158,15
240,20090410,170,113,1,229,14
240,20090411,158,110,2,221,16
240,20090412,135,71,24,182,14
240,20090413,97,59,6,151,12
240,20090414,124,49,5,185,14
240,20090415,168,99,3,231,14
240,20090416,141,92,24,195,12
240,20090417,119,85,3,170,14
240,20090418,119,68,4,179,14
240,20090419,125,75,3,172,13
240,20090420,133,68,5,192,14
240,20090421,109,49,24,179,13
240,20090422,95,38,24,148,12
240,20090423,93,29,5,149,15
240,20090424,132,50,2,185,14
240,20090425,137,102,5,196,12
240,20090426,122,101,24,151,16
240,20090427,118,93,24,156,17
240,20090428,96,45,23,124,8
240,20090429,111,42,2,168,14
240,20090430,131,53,3,196,14
240,20090501,138,71,5,209,14
240,20090502,122,73,3,177,14
240,20090503,97,47,24,136,13
240,20090504,101,35,3,140,12
240,20090505,119,95,1,135,13
240,20090506,127,107,3,149,15
240,20090507,128,91,23,161,16
240,20090508,119,79,23,167,13
240,20090509,118,62,3,168,13
240,20090510,137,69,5,195,14
240,20090511,114,74,24,151,13
240,20090512,134,76,1,186,14
240,20090513,158,106,5,209,15
240,20090514,153,109,5,200,14
240,20090515,133,88,24,180,13
240,20090516,124,72,4,172,17
240,20090517,125,102,2,167,13
240,20090518,136,101,3,174,13
240,20090519,135,84,4,195,13
240,20090520,141,75,4,189,14
240,20090521,139,90,24,180,14
240,20090522,135,78,4,170,10
240,20090523,163,117,24,204,15
240,20090524,154,107,24,202,11
240,20090525,176,97,3,237,17
240,20090526,133,96,24,183,2
240,20090527,123,66,3,153,10
240,20090528,149,108,24,181,14
240,20090529,153,85,3,193,16
240,20090530,167,107,4,212,15
240,20090531,187,136,4,237,15
240,20090601,187,118,24,246,13
240,20090602,158,102,24,210,12
240,20090603,124,96,23,162,14
240,20090604,103,67,23,143,14
240,20090605,102,51,24,142,11
240,20090606,126,58,1,168,15
240,20090607,118,78,24,159,12
240,20090608,140,67,2,183,16
240,20090609,150,119,4,195,15
240,20090610,141,116,2,185,14
240,20090611,129,82,24,160,16
240,20090612,131,72,24,172,14
240,20090613,156,60,1,221,17
240,20090614,170,137,22,211,14
240,20090615,159,124,3,196,16
240,20090616,145,98,24,192,15
240,20090617,176,91,3,234,18
240,20090618,166,139,5,201,14
240,20090619,153,125,15,184,14
240,20090620,144,111,24,181,12
240,20090621,138,91,24,184,14
240,20090622,143,78,2,190,16
240,20090623,164,88,3,218,14
240,20090624,181,130,4,227,13
240,20090625,204,151,4,260,15
240,20090626,201,150,3,248,16
240,20090627,196,165,24,248,15
240,20090628,190,160,2,242,16
240,20090629,196,147,24,255,14
240,20090630,199,138,4,253,14
240,20090701,212,167,1,262,16
240,20090702,235,181,3,287,15
240,20090703,215,179,24,289,11
240,20090704,200,151,24,244,15
240,20090705,205,153,4,268,14
240,20090706,186,145,3,224,14
240,20090707,167,129,9,209,15
240,20090708,157,137,24,193,13
240,20090709,157,131,3,190,11
240,20090710,149,127,6,179,13
240,20090711,165,119,5,197,14
240,20090712,172,142,24,207,17
240,20090713,185,128,4,227,15
240,20090714,193,144,24,239,14
240,20090715,189,137,1,234,14
240,20090716,200,131,3,248,16
240,20090717,190,158,22,227,11
240,20090718,163,142,6,200,16
240,20090719,171,141,5,210,15
240,20090720,171,130,24,210,13
240,20090721,195,123,2,264,16
240,20090722,191,152,23,232,15
240,20090723,174,144,24,213,15
240,20090724,165,137,9,201,15
240,20090725,171,136,23,203,14
240,20090726,188,129,5,241,15
240,20090727,182,145,22,245,12
240,20090728,179,133,4,218,14
240,20090729,192,149,1,248,16
240,20090730,161,106,24,209,13
240,20090731,168,105,1,221,15
240,20090801,201,129,3,260,14
240,20090802,171,130,24,196,16
240,20090803,167,117,1,218,13
240,20090804,196,108,2,254,15
240,20090805,217,156,4,273,14
240,20090806,232,166,5,293,14
240,20090807,213,180,24,267,13
240,20090808,184,137,23,222,13
240,20090809,171,115,4,206,10
240,20090810,181,104,5,245,15
240,20090811,188,157,22,223,12
240,20090812,180,151,23,203,15
240,20090813,170,131,23,215,14
240,20090814,177,114,1,222,12
240,20090815,205,155,3,267,16
240,20090816,192,156,24,232,13
240,20090817,184,143,4,223,11
240,20090818,198,142,3,257,16
240,20090819,219,142,5,293,14
240,20090820,231,173,24,325,14
240,20090821,177,132,24,217,11
240,20090822,167,119,22,212,12
240,20090823,198,127,4,263,14
240,20090824,207,149,4,268,15
240,20090825,175,131,22,208,11
240,20090826,186,126,4,253,14
240,20090827,191,155,22,227,14
240,20090828,161,100,21,204,13
240,20090829,155,120,1,186,15
240,20090830,161,119,5,195,12
240,20090831,194,142,5,250,16
240,20090901,181,154,21,221,8
240,20090902,165,143,5,198,16
240,20090903,155,137,19,182,15
240,20090904,150,132,6,181,12
240,20090905,152,134,20,179,15
240,20090906,156,124,20,179,12
240,20090907,168,115,2,237,14
240,20090908,198,131,5,272,16
240,20090909,173,151,21,204,14
240,20090910,159,128,24,195,12
240,20090911,150,92,3,192,13
240,20090912,151,106,22,194,12
240,20090913,148,109,1,173,16
240,20090914,157,113,4,195,14
240,20090915,157,143,4,171,20
240,20090916,159,132,24,196,14
240,20090917,139,101,5,172,14
240,20090918,145,82,6,193,14
240,20090919,176,110,5,237,15
240,20090920,154,95,23,207,13
240,20090921,142,90,6,189,14
240,20090922,159,119,2,195,11
240,20090923,168,140,24,189,11
240,20090924,137,93,24,188,13
240,20090925,129,77,3,181,14
240,20090926,130,61,4,189,14
240,20090927,129,74,6,190,15
240,20090928,153,100,1,182,10
240,20090929,156,143,3,173,10
240,20090930,150,133,3,171,13
240,20091001,134,95,19,159,1
240,20091002,122,102,1,147,10
240,20091003,145,121,22,166,13
240,20091004,118,59,24,156,12
240,20091005,114,67,1,131,14
240,20091006,150,121,3,186,22
240,20091007,151,111,24,185,10
240,20091008,114,63,24,157,14
240,20091009,100,43,3,143,14
240,20091010,127,90,23,167,13
240,20091011,125,88,4,155,12
240,20091012,113,65,23,154,13
240,20091013,96,48,23,144,12
240,20091014,55,8,24,110,13
240,20091015,77,1,3,131,14
240,20091016,110,87,23,138,12
240,20091017,88,29,22,142,13
240,20091018,79,16,5,131,11
240,20091019,87,55,1,112,12
240,20091020,80,40,7,111,13
240,20091021,107,74,6,143,13
240,20091022,88,66,8,113,16
240,20091023,101,72,6,151,14
240,20091024,110,74,3,148,21
240,20091025,134,113,3,160,14
240,20091026,126,104,24,146,13
240,20091027,127,108,1,154,13
240,20091028,119,89,7,156,14
240,20091029,134,110,3,169,13
240,20091030,109,90,4,137,14
240,20091031,107,81,7,130,13
240,20091101,134,120,24,158,19
240,20091102,93,48,24,130,14
240,20091103,72,38,2,111,21
240,20091104,79,46,3,116,13
240,20091105,83,46,24,107,14
240,20091106,88,41,2,106,12
240,20091107,74,31,24,94,9
240,20091108,49,9,8,91,13
240,20091109,70,23,5,94,14
240,20091110,79,54,5,100,14
240,20091111,79,50,19,92,1
240,20091112,83,31,3,134,13
240,20091113,135,105,1,157,17
240,20091114,129,106,24,145,8
240,20091115,95,61,22,124,14
240,20091116,104,60,1,147,15
240,20091117,105,89,24,128,13
240,20091118,116,90,1,139,20
240,20091119,102,87,22,123,1
240,20091120,118,79,24,145,11
240,20091121,124,78,4,157,14
240,20091122,110,84,17,134,2
240,20091123,106,83,4,135,17
240,20091124,119,97,11,142,14
240,20091125,108,86,23,127,4
240,20091126,81,62,24,94,14
240,20091127,72,53,8,99,12
240,20091128,73,55,4,91,12
240,20091129,85,63,23,101,2
240,20091130,52,13,8,66,1
240,20091201,54,13,20,89,12
240,20091202,45,17,4,65,24
240,20091203,81,57,24,102,13
240,20091204,58,37,3,85,21
240,20091205,73,44,1,98,22
240,20091206,98,56,20,119,11
240,20091207,73,58,9,85,14
240,20091208,66,29,19,94,13
240,20091209,76,43,3,94,16
240,20091210,96,85,23,108,5
240,20091211,73,45,22,94,5
240,20091212,45,23,24,65,1
240,20091213,15,-13,24,41,14
240,20091214,-25,-45,23,-13,1
240,20091215,-26,-57,7,18,13
240,20091216,-5,-57,1,17,14
240,20091217,-2,-19,24,6,2
240,20091218,-20,-53,19,1,14
240,20091219,-60,-85,8,-21,1
240,20091220,-6,-45,1,30,17
240,20091221,-17,-50,14,16,2
240,20091222,3,-15,23,21,13
240,20091223,-1,-24,1,9,12
240,20091224,0,-22,6,20,18
240,20091225,26,2,1,48,15
240,20091226,37,14,1,59,14
240,20091227,44,30,1,60,20
240,20091228,33,-25,22,74,13
240,20091229,5,-10,1,15,4
240,20091230,3,-1,18,5,10
240,20091231,4,-2,4,10,22
240,20100101,-16,-63,22,8,13
240,20100102,-6,-55,1,16,16
240,20100103,-34,-75,8,-5,14
240,20100104,-15,-51,5,12,13
240,20100105,-2,-22,3,20,14
240,20100106,-28,-66,24,3,15
240,20100107,-48,-115,24,-24,5
240,20100108,-57,-138,4,-22,24
240,20100109,-18,-45,2,-4,13
240,20100110,-1,-6,1,4,12
240,20100111,-2,-11,24,5,2
240,20100112,-15,-42,24,-4,1
240,20100113,-33,-56,5,-12,24
240,20100114,3,-33,23,36,15
240,20100115,13,-6,1,18,11
240,20100116,11,2,20,17,14
240,20100117,43,8,1,68,13
240,20100118,37,-4,8,58,24
240,20100119,39,16,24,58,1
240,20100120,22,12,3,43,13
240,20100121,25,17,24,39,12
240,20100122,24,9,6,49,13
240,20100123,14,-2,24,28,12
240,20100124,-2,-6,4,2,15
240,20100125,-29,-62,22,-4,1
240,20100126,-64,-88,24,-35,14
240,20100127,-9,-104,3,52,21
240,20100128,35,20,24,55,14
240,20100129,24,-11,23,49,10
240,20100130,3,-23,5,27,21
240,20100131,17,-10,23,28,12
240,20100201,5,-32,1,39,13
240,20100202,30,-9,1,60,15
240,20100203,23,-4,2,60,12
240,20100204,60,19,1,80,14
240,20100205,42,24,3,61,18
240,20100206,25,10,21,52,14
240,20100207,9,-1,24,18,14
240,20100208,-33,-46,10,-1,1
240,20100209,-28,-45,4,-13,18
240,20100210,-24,-66,8,-5,15
240,20100211,-19,-42,24,-5,13
240,20100212,-21,-69,8,15,14
240,20100213,-12,-44,24,18,14
240,20100214,-24,-65,1,-6,8
240,20100215,-32,-51,5,-9,12
240,20100216,-6,-30,1,20,15
240,20100217,-3,-37,7,20,16
240,20100218,27,4,2,50,24
240,20100219,31,7,21,50,1
240,20100220,14,-33,24,49,13
240,20100221,4,-44,6,37,21
240,20100222,30,17,4,49,16
240,20100223,15,4,9,34,14
240,20100224,59,5,1,99,14
240,20100225,76,58,9,94,16
240,20100226,69,52,18,92,9
240,20100227,63,39,7,92,14
240,20100228,58,33,17,89,13
240,20100301,39,-4,24,68,13
240,20100302,25,-19,2,75,12
240,20100303,21,-36,4,71,12
240,20100304,17,-39,6,64,14
240,20100305,23,-45,5,61,11
240,20100306,8,-23,24,34,1
240,20100307,-8,-49,6,31,15
240,20100308,12,-32,1,60,15
240,20100309,8,-39,7,51,13
240,20100310,7,-26,5,42,13
240,20100311,30,2,1,66,15
240,20100312,43,24,21,68,14
240,20100313,50,12,6,84,12
240,20100314,61,44,24,85,11
240,20100315,60,37,5,87,11
240,20100316,58,24,24,96,14
240,20100317,72,11,3,139,13
240,20100318,104,17,4,173,15
240,20100319,112,98,8,129,15
240,20100320,129,111,4,156,12
240,20100321,81,29,24,120,13
240,20100322,75,7,3,124,16
240,20100323,92,26,6,133,13
240,20100324,128,82,6,182,16
240,20100325,142,106,6,192,15
240,20100326,104,70,23,124,1
240,20100327,91,56,24,127,14
240,20100328,80,50,1,102,10
240,20100329,99,68,5,128,14
240,20100330,98,58,21,136,10
240,20100331,64,37,22,103,11
240,20100401,56,32,3,88,16
240,20100402,77,21,5,140,15
240,20100403,71,54,1,97,14
240,20100404,67,25,24,96,12
240,20100405,70,18,1,107,16
240,20100406,111,51,4,162,15
240,20100407,128,79,5,192,14
240,20100408,86,43,23,132,14
240,20100409,94,49,23,150,13
240,20100410,75,28,5,127,12
240,20100411,71,26,2,109,13
240,20100412,96,55,4,142,14
240,20100413,96,60,5,147,13
240,20100414,100,57,6,148,14
240,20100415,90,45,5,145,14
240,20100416,79,31,24,121,13
240,20100417,75,11,5,132,14
240,20100418,98,17,6,165,13
240,20100419,89,64,1,123,14
240,20100420,81,56,22,113,11
240,20100421,63,28,24,95,14
240,20100422,70,25,1,118,13
240,20100423,83,4,4,137,16
240,20100424,125,52,6,184,15
240,20100425,133,61,5,220,14
240,20100426,116,80,24,154,13
240,20100427,128,60,5,184,13
240,20100428,160,86,3,228,15
240,20100429,168,101,5,243,14
240,20100430,117,93,21,142,16
240,20100501,105,71,22,139,14
240,20100502,77,52,21,96,13
240,20100503,66,53,1,74,11
240,20100504,73,34,23,111,12
240,20100505,83,25,1,132,13
240,20100506,90,47,4,133,14
240,20100507,80,66,8,99,11
240,20100508,88,71,2,113,11
240,20100509,85,39,24,110,14
240,20100510,69,6,4,108,11
240,20100511,77,44,4,118,13
240,20100512,65,49,2,76,15
240,20100513,72,24,24,94,16
240,20100514,80,5,3,139,14
240,20100515,94,26,5,145,14
240,20100516,115,78,3,146,14
240,20100517,112,60,24,156,11
240,20100518,98,39,4,147,12
240,20100519,111,53,5,165,13
240,20100520,134,53,4,201,13
240,20100521,134,69,4,198,14
240,20100522,142,63,2,197,13
240,20100523,162,85,4,215,11
240,20100524,156,92,24,205,11
240,20100525,125,80,24,174,15
240,20100526,107,64,3,136,14
240,20100527,107,72,4,146,14
240,20100528,113,57,3,158,10
240,20100529,142,79,1,207,13
240,20100530,120,93,15,143,14
240,20100531,126,78,23,175,15
240,20100601,121,65,4,178,12
240,20100602,151,81,3,209,12
240,20100603,158,83,2,204,15
240,20100604,165,100,4,217,14
240,20100605,189,108,4,263,16
240,20100606,180,139,1,247,9
240,20100607,141,115,23,167,15
240,20100608,164,115,4,227,14
240,20100609,173,150,4,203,13
240,20100610,179,155,4,204,12
240,20100611,153,96,23,187,11
240,20100612,134,85,3,178,11
240,20100613,139,88,3,171,13
240,20100614,160,116,24,203,13
240,20100615,133,94,4,171,14
240,20100616,154,114,4,203,15
240,20100617,162,119,24,214,13
240,20100618,131,109,3,165,15
240,20100619,116,95,24,150,14
240,20100620,113,91,23,137,18
240,20100621,134,84,24,180,14
240,20100622,148,61,4,206,14
240,20100623,181,102,3,247,14
240,20100624,187,107,3,254,13
240,20100625,188,123,1,240,13
240,20100626,193,130,3,240,14
240,20100627,216,131,4,279,14
240,20100628,211,146,23,295,13
240,20100629,189,124,4,256,10
240,20100630,196,154,24,253,12
240,20100701,213,141,4,260,14
240,20100702,257,200,1,312,11
240,20100703,203,150,24,258,11
240,20100704,192,132,4,251,12
240,20100705,181,124,23,227,12
240,20100706,161,118,4,203,13
240,20100707,189,113,3,255,14
240,20100708,213,154,4,269,14
240,20100709,248,175,4,336,13
240,20100710,244,173,3,314,16
240,20100711,226,180,24,288,13
240,20100712,201,157,24,253,16
240,20100713,200,147,2,260,14
240,20100714,211,174,17,284,14
240,20100715,183,141,21,216,17
240,20100716,185,149,24,223,9
240,20100717,170,127,24,208,14
240,20100718,178,117,3,228,12
240,20100719,206,138,4,259,13
240,20100720,237,161,4,297,15
240,20100721,212,182,24,236,11
240,20100722,180,137,24,232,13
240,20100723,174,113,4,227,14
240,20100724,162,120,5,195,13
240,20100725,171,142,4,198,10
240,20100726,166,131,24,207,13
240,20100727,180,131,2,207,17
240,20100728,180,141,24,211,12
240,20100729,165,135,24,201,12
240,20100730,179,130,1,218,16
240,20100731,181,161,5,206,16
240,20100801,183,138,23,223,11
240,20100802,173,136,24,220,15
240,20100803,176,121,4,210,15
240,20100804,166,131,24,198,13
240,20100805,155,111,24,198,13
240,20100806,170,97,5,224,14
240,20100807,172,157,1,189,9
240,20100808,171,138,6,207,11
240,20100809,183,146,5,224,13
240,20100810,174,139,2,219,13
240,20100811,170,120,24,203,13
240,20100812,150,111,4,203,13
240,20100813,155,115,4,202,15
240,20100814,185,111,4,233,16
240,20100815,178,164,22,207,13
240,20100816,196,171,24,229,14
240,20100817,166,153,9,179,2
240,20100818,172,134,23,195,9
240,20100819,175,141,5,212,15
240,20100820,208,161,6,272,15
240,20100821,208,168,2,250,15
240,20100822,197,169,23,221,12
240,20100823,188,170,24,211,15
240,20100824,168,148,5,197,15
240,20100825,165,137,24,201,12
240,20100826,167,136,3,207,15
240,20100827,147,108,24,178,16
240,20100828,141,95,2,183,13
240,20100829,135,100,20,171,14
240,20100830,148,101,24,186,12
240,20100831,132,77,6,184,14
240,20100901,134,86,2,181,14
240,20100902,136,82,4,177,15
240,20100903,138,78,4,189,14
240,20100904,141,90,5,191,15
240,20100905,140,82,5,190,14
240,20100906,154,101,6,205,14
240,20100907,126,110,6,147,1
240,20100908,151,118,1,212,16
240,20100909,162,122,24,200,13
240,20100910,158,121,1,188,10
240,20100911,180,133,1,227,14
240,20100912,153,106,24,188,13
240,20100913,152,85,4,192,14
240,20100914,163,125,24,176,13
240,20100915,138,96,24,170,12
240,20100916,126,77,3,167,11
240,20100917,114,77,4,151,14
240,20100918,120,81,1,162,11
240,20100919,139,102,1,164,12
240,20100920,157,130,1,186,16
240,20100921,147,112,4,189,16
240,20100922,161,106,3,219,14
240,20100923,161,117,4,201,11
240,20100924,148,118,23,178,12
240,20100925,109,75,6,144,12
240,20100926,94,58,24,131,15
240,20100927,115,60,2,135,19
240,20100928,129,96,22,147,15
240,20100929,104,61,7,146,14
240,20100930,108,76,24,161,15
240,20101001,124,66,3,170,14
240,20101002,158,124,1,188,13
240,20101003,183,146,24,225,15
240,20101004,178,143,1,226,13
240,20101005,164,122,4,199,14
240,20101006,156,124,24,181,11
240,20101007,141,91,5,171,11
240,20101008,150,123,24,172,13
240,20101009,137,98,6,182,14
240,20101010,117,71,6,157,13
240,20101011,109,62,3,152,14
240,20101012,101,64,23,139,12
240,20101013,105,61,23,133,13
240,20101014,108,43,2,129,15
240,20101015,102,67,22,131,12
240,20101016,78,43,24,106,15
240,20101017,58,10,23,105,13
240,20101018,81,2,1,129,12
240,20101019,94,66,24,134,11
240,20101020,66,34,24,108,12
240,20101021,90,35,2,117,12
240,20101022,105,83,24,131,11
240,20101023,77,53,8,100,20
240,20101024,82,39,24,117,11
240,20101025,65,30,6,116,14
240,20101026,72,25,2,99,12
240,20101027,94,69,1,105,19
240,20101028,117,93,24,141,13
240,20101029,104,73,7,129,18
240,20101030,112,74,24,140,14
240,20101031,91,58,2,128,15
240,20101101,87,44,2,99,14
240,20101102,111,86,1,135,24
240,20101103,128,107,20,149,23
240,20101104,149,144,2,156,6
240,20101105,133,94,22,151,12
240,20101106,94,69,20,123,14
240,20101107,62,27,21,84,11
240,20101108,52,18,5,80,14
240,20101109,48,40,7,58,21
240,20101110,57,13,23,88,14
240,20101111,70,36,8,113,24
240,20101112,114,98,24,129,12
240,20101113,101,88,17,116,11
240,20101114,108,79,23,125,5
240,20101115,55,9,23,104,12
240,20101116,42,6,7,108,13
240,20101117,42,14,2,54,12
240,20101118,50,39,24,69,14
240,20101119,64,25,8,81,15
240,20101120,60,21,21,88,13
240,20101121,59,29,7,81,13
240,20101122,50,13,24,69,13
240,20101123,40,2,3,81,13
240,20101124,29,0,8,64,13
240,20101125,22,1,24,47,12
240,20101126,-2,-30,8,33,13
240,20101127,0,-28,24,15,12
240,20101128,-19,-41,8,9,13
240,20101129,-14,-29,2,5,22
240,20101130,-16,-37,23,0,1
240,20101201,-58,-70,21,-37,1
240,20101202,-65,-92,24,-56,15
240,20101203,-49,-99,1,-12,22
240,20101204,-17,-57,6,17,24
240,20101205,26,6,23,51,12
240,20101206,-1,-22,6,15,2
240,20101207,-21,-30,10,-6,13
240,20101208,-17,-38,19,3,24
240,20101209,34,-17,1,62,23
240,20101210,44,-7,3,72,24
240,20101211,74,62,24,84,12
240,20101212,34,-28,24,71,1
240,20101213,-9,-56,4,38,19
240,20101214,-25,-65,23,8,14
240,20101215,17,-56,1,44,13
240,20101216,18,-37,24,59,14
240,20101217,-18,-59,5,-2,16
240,20101218,-38,-57,19,-12,13
240,20101219,-50,-65,8,-36,1
240,20101220,-74,-128,24,-40,1
240,20101221,-40,-125,1,-12,14
240,20101222,-19,-26,8,-14,4
240,20101223,-1,-17,1,6,11
240,20101224,-6,-18,21,1,3
240,20101225,-16,-62,9,12,13
240,20101226,6,-64,9,34,13
240,20101227,-1,-13,18,27,1
240,20101228,8,4,1,15,10
240,20101229,9,2,7,21,15
240,20101230,0,-38,8,20,13
240,20101231,38,13,1,50,12
240,20110101,41,7,23,68,13
240,20110102,18,-24,24,54,13
240,20110103,2,-38,6,34,11
240,20110104,12,2,21,29,13
240,20110105,4,-9,3,34,24
240,20110106,45,25,23,54,13
240,20110107,45,-10,5,83,22
240,20110108,79,16,24,111,11
240,20110109,29,-6,24,62,13
240,20110110,10,-21,6,39,14
240,20110111,32,-2,5,62,20
240,20110112,52,10,6,85,17
240,20110113,94,77,4,106,11
240,20110114,95,77,23,109,5
240,20110115,86,63,6,98,16
240,20110116,96,78,3,119,14
240,20110117,78,29,24,93,18
240,20110118,39,5,4,70,14
240,20110119,36,17,20,70,12
240,20110120,24,-25,24,54,13
240,20110121,9,-46,6,45,18
240,20110122,48,27,22,63,12
240,20110123,57,36,1,69,12
240,20110124,57,47,18,70,12
240,20110125,45,15,21,64,8
240,20110126,19,-1,9,48,11
240,20110127,1,-22,24,19,13
240,20110128,-17,-36,4,8,13
240,20110129,-19,-49,5,14,13
240,20110130,-2,-27,4,19,14
240,20110131,-3,-14,2,16,14
240,20110201,7,-22,4,48,23
240,20110202,44,30,11,54,14
240,20110203,59,26,18,83,12
240,20110204,94,67,1,105,17
240,20110205,104,94,24,114,12
240,20110206,100,90,24,112,11
240,20110207,81,63,24,104,18
240,20110208,41,-15,24,82,13
240,20110209,33,-31,2,76,13
240,20110210,70,32,2,98,13
240,20110211,67,49,24,83,15
240,20110212,51,28,8,79,18
240,20110213,53,18,2,80,14
240,20110214,60,29,24,83,14
240,20110215,57,14,1,85,14
240,20110216,62,25,24,106,15
240,20110217,40,5,22,80,14
240,20110218,11,5,11,15,14
240,20110219,21,8,3,46,15
240,20110220,3,-24,24,31,14
240,20110221,-17,-43,7,21,14
240,20110222,-17,-63,7,29,15
240,20110223,3,-30,3,32,14
240,20110224,51,17,1,86,16
240,20110225,76,53,1,91,15
240,20110226,75,59,22,88,1
240,20110227,47,26,24,62,1
240,20110228,28,15,4,39,16
240,20110301,25,13,22,43,15
240,20110302,19,-4,8,51,15
240,20110303,7,-13,7,42,15
240,20110304,0,-23,6,34,15
240,20110305,29,-9,6,73,13
240,20110306,34,-1,24,67,12
240,20110307,26,-29,3,86,15
240,20110308,31,-28,6,106,14
240,20110309,61,11,1,100,15
240,20110310,77,30,1,113,14
240,20110311,65,31,6,101,14
240,20110312,85,23,4,131,14
240,20110313,106,90,6,134,15
240,20110314,103,78,5,137,14
240,20110315,108,76,24,158,15
240,20110316,71,48,24,109,14
240,20110317,54,44,24,77,13
240,20110318,63,31,6,105,11
240,20110319,47,-6,6,104,15
240,20110320,48,-17,3,116,14
240,20110321,64,-1,1,136,14
240,20110322,79,5,4,159,15
240,20110323,81,6,5,141,14
240,20110324,94,24,5,160,14
240,20110325,93,53,6,146,13
240,20110326,53,29,4,80,14
240,20110327,55,-4,4,114,14
240,20110328,49,-13,4,119,14
240,20110329,67,-19,3,141,15
240,20110330,93,30,4,157,13
240,20110331,108,87,5,137,15
240,20110401,118,91,21,155,17
240,20110402,147,96,4,232,15
240,20110403,107,80,24,152,15
240,20110404,97,71,1,131,13
240,20110405,98,69,3,115,12
240,20110406,134,105,1,184,17
240,20110407,108,58,24,147,11
240,20110408,92,44,3,148,14
240,20110409,100,44,3,158,13
240,20110410,112,57,3,168,14
240,20110411,122,61,6,206,12
240,20110412,79,41,23,114,14
240,20110413,84,34,2,126,13
240,20110414,90,63,24,123,16
240,20110415,101,40,6,160,16
240,20110416,104,41,1,163,12
240,20110417,118,47,3,176,14
240,20110418,136,58,3,189,15
240,20110419,161,82,4,237,15
240,20110420,173,99,1,233,14
240,20110421,175,97,4,247,15
240,20110422,194,118,5,259,14
240,20110423,187,114,3,250,14
240,20110424,179,106,6,258,14
240,20110425,168,86,5,228,13
240,20110426,144,98,24,205,14
240,20110427,119,90,5,162,15
240,20110428,143,103,4,182,16
240,20110429,167,107,4,219,16
240,20110430,151,101,5,207,15
240,20110501,132,76,5,186,13
240,20110502,107,72,4,143,14
240,20110503,86,32,5,132,15
240,20110504,85,18,4,142,16
240,20110505,111,29,2,177,16
240,20110506,159,58,3,231,16
240,20110507,206,127,5,273,17
240,20110508,203,141,24,268,15
240,20110509,156,106,24,205,18
240,20110510,160,97,1,223,13
240,20110511,142,83,4,194,13
240,20110512,133,102,5,169,13
240,20110513,135,76,3,183,13
240,20110514,120,95,24,148,14
240,20110515,115,83,2,150,12
240,20110516,133,113,1,158,16
240,20110517,136,120,5,157,16
240,20110518,142,125,3,161,12
240,20110519,130,89,24,178,15
240,20110520,136,76,1,198,13
240,20110521,158,77,3,215,15
240,20110522,147,112,24,178,11
240,20110523,157,94,3,213,15
240,20110524,134,97,24,160,13
240,20110525,157,74,5,214,16
240,20110526,145,119,24,176,11
240,20110527,122,98,23,157,15
240,20110528,130,90,3,157,12
240,20110529,156,119,24,206,14
240,20110530,183,109,2,284,15
240,20110531,129,78,24,164,15
240,20110601,136,57,4,193,11
240,20110602,164,69,3,217,15
240,20110603,184,139,2,242,15
240,20110604,200,137,24,265,13
240,20110605,161,135,3,201,15
240,20110606,149,116,22,180,14
240,20110607,153,113,1,197,15
240,20110608,143,115,1,181,15
240,20110609,145,96,24,189,13
240,20110610,134,84,2,203,11
240,20110611,121,82,1,160,16
240,20110612,145,78,3,194,13
240,20110613,158,127,5,204,16
240,20110614,160,112,24,203,12
240,20110615,169,112,1,224,14
240,20110616,155,133,20,179,18
240,20110617,149,127,17,178,11
240,20110618,147,113,21,182,14
240,20110619,140,119,24,166,10
240,20110620,154,108,1,194,14
240,20110621,171,145,2,214,15
240,20110622,152,129,15,169,12
240,20110623,155,127,24,185,14
240,20110624,143,110,8,181,14
240,20110625,147,120,7,169,16
240,20110626,197,162,23,241,16
240,20110627,247,171,1,302,16
240,20110628,242,196,19,319,17
240,20110629,161,106,24,202,1
240,20110630,150,104,1,191,13
240,20110701,142,99,24,186,13
240,20110702,139,92,4,182,12
240,20110703,147,96,1,185,14
240,20110704,156,83,3,208,15
240,20110705,182,104,4,242,16
240,20110706,175,128,22,209,11
240,20110707,182,140,2,224,13
240,20110708,176,142,4,220,15
240,20110709,168,120,24,207,13
240,20110710,166,116,3,218,15
240,20110711,182,114,3,228,13
240,20110712,179,139,24,225,13
240,20110713,135,129,17,144,11
240,20110714,145,131,1,184,10
240,20110715,174,137,4,213,16
240,20110716,163,140,2,204,12
240,20110717,158,137,3,191,16
240,20110718,149,139,24,170,18
240,20110719,161,119,5,201,12
240,20110720,171,111,4,214,13
240,20110721,165,123,24,199,12
240,20110722,150,114,24,180,12
240,20110723,136,114,1,174,13
240,20110724,129,109,24,140,15
240,20110725,146,76,4,191,12
240,20110726,153,136,1,181,14
240,20110727,173,139,4,217,17
240,20110728,184,129,2,240,15
240,20110729,152,124,2,181,10
240,20110730,146,134,2,167,12
240,20110731,145,93,24,184,16
240,20110801,160,83,5,219,16
240,20110802,210,133,4,266,16
240,20110803,188,140,24,210,1
240,20110804,191,136,1,251,14
240,20110805,185,150,23,222,13
240,20110806,180,143,20,238,12
240,20110807,168,137,24,204,13
240,20110808,156,127,3,188,13
240,20110809,144,91,24,177,14
240,20110810,155,95,1,197,13
240,20110811,174,162,1,193,11
240,20110812,169,137,22,203,16
240,20110813,171,141,1,193,12
240,20110814,175,131,24,213,12
240,20110815,162,119,22,200,11
240,20110816,176,139,1,216,16
240,20110817,169,141,24,209,12
240,20110818,158,134,5,173,14
240,20110819,154,110,24,190,13
240,20110820,170,104,1,228,15
240,20110821,194,149,1,261,12
240,20110822,178,134,5,222,12
240,20110823,189,161,4,240,16
240,20110824,176,142,23,192,14
240,20110825,173,115,4,239,13
240,20110826,178,149,24,209,13
240,20110827,144,109,21,185,10
240,20110828,143,118,2,175,16
240,20110829,133,103,22,159,15
240,20110830,135,106,3,177,15
240,20110831,140,89,24,184,12
240,20110901,129,79,3,186,15
240,20110902,172,88,5,242,16
240,20110903,211,134,5,271,15
240,20110904,184,143,24,217,15
240,20110905,155,125,6,189,14
240,20110906,152,141,23,168,10
240,20110907,155,129,24,179,11
240,20110908,151,133,5,167,15
240,20110909,177,156,1,201,13
240,20110910,206,152,3,251,13
240,20110911,167,143,20,199,10
240,20110912,169,147,3,211,15
240,20110913,158,119,22,185,13
240,20110914,145,124,21,169,14
240,20110915,139,100,24,183,13
240,20110916,140,76,6,189,15
240,20110917,148,116,24,169,11
240,20110918,118,86,22,154,15
240,20110919,131,84,6,179,12
240,20110920,156,114,1,184,14
240,20110921,156,134,6,184,14
240,20110922,145,97,23,174,12
240,20110923,136,85,24,189,12
240,20110924,139,87,4,201,13
240,20110925,159,92,3,221,14
240,20110926,169,132,1,223,11
240,20110927,163,121,24,200,16
240,20110928,169,110,4,232,15
240,20110929,188,138,2,253,15
240,20110930,178,127,24,244,14
240,20111001,174,112,4,253,15
240,20111002,171,104,4,251,14
240,20111003,181,135,2,224,13
240,20111004,173,160,23,192,14
240,20111005,173,159,1,187,16
240,20111006,138,102,24,173,3
240,20111007,111,81,23,147,12
240,20111008,104,69,24,144,11
240,20111009,122,53,1,173,21
240,20111010,171,162,1,182,12
240,20111011,157,131,19,174,11
240,20111012,113,102,18,135,1
240,20111013,101,50,24,146,11
240,20111014,90,41,4,146,14
240,20111015,78,18,7,138,14
240,20111016,81,34,6,140,14
240,20111017,121,60,1,166,14
240,20111018,114,84,8,136,1
240,20111019,91,60,23,134,10
240,20111020,77,45,5,118,11
240,20111021,74,26,1,126,13
240,20111022,64,28,7,105,14
240,20111023,84,38,6,142,13
240,20111024,94,45,7,127,14
240,20111025,100,83,24,124,1
240,20111026,103,80,24,132,13
240,20111027,109,76,4,154,14
240,20111028,121,98,6,149,15
240,20111029,124,93,7,158,15
240,20111030,130,111,2,138,22
240,20111031,132,100,22,167,12
240,20111101,126,96,7,163,14
240,20111102,112,85,4,140,14
240,20111103,142,112,1,165,16
240,20111104,147,122,24,176,13
240,20111105,128,80,24,177,13
240,20111106,116,86,2,128,13
240,20111107,101,93,24,109,1
240,20111108,89,60,24,114,14
240,20111109,88,54,2,132,13
240,20111110,71,45,7,111,11
240,20111111,74,48,24,103,14
240,20111112,66,35,7,104,14
240,20111113,55,18,20,102,13
240,20111114,29,0,21,77,14
240,20111115,16,5,24,40,14
240,20111116,21,-10,6,72,14
240,20111117,36,-7,2,77,24
240,20111118,67,25,24,85,14
240,20111119,44,2,23,98,14
240,20111120,38,6,2,67,14
240,20111121,23,13,24,31,13
240,20111122,46,6,7,96,15
240,20111123,84,61,1,126,12
240,20111124,83,60,1,116,13
240,20111125,94,78,6,122,13
240,20111126,95,52,6,119,13
240,20111127,102,53,24,139,13
240,20111128,53,18,6,93,13
240,20111129,76,56,1,100,12
240,20111130,77,50,8,105,13
240,20111201,89,51,1,117,11
240,20111202,64,39,18,97,13
240,20111203,87,53,1,109,12
240,20111204,84,54,22,96,2
240,20111205,60,41,8,72,12
240,20111206,55,33,5,77,11
240,20111207,69,42,2,84,8
240,20111208,74,36,7,108,21
240,20111209,62,25,24,81,1
240,20111210,48,20,24,73,12
240,20111211,41,9,2,62,15
240,20111212,66,48,2,84,14
240,20111213,77,46,24,106,11
240,20111214,50,36,19,62,4
240,20111215,50,33,6,70,18
240,20111216,41,18,24,51,18
240,20111217,45,16,20,77,12
240,20111218,26,6,5,59,12
240,20111219,21,-3,1,50,13
240,20111220,61,11,1,81,13
240,20111221,61,45,3,74,12
240,20111222,94,65,1,104,13
240,20111223,90,56,24,108,10
240,20111224,64,49,9,77,13
240,20111225,97,72,1,111,13
240,20111226,113,104,23,130,12
240,20111227,89,74,24,106,1
240,20111228,69,58,12,86,20
240,20111229,70,24,20,82,17
240,20111230,51,34,21,75,12
240,20111231,83,38,1,112,20
240,20120101,113,98,24,128,20
240,20120102,73,42,23,101,1
240,20120103,73,45,1,103,15
240,20120104,73,57,6,87,24
240,20120105,72,42,23,102,5
240,20120106,67,44,20,85,13
240,20120107,79,58,1,92,6
240,20120108,72,43,22,88,11
240,20120109,80,39,24,94,12
240,20120110,68,15,6,96,15
240,20120111,87,79,6,94,24
240,20120112,79,55,22,100,13
240,20120113,55,36,24,78,14
240,20120114,40,-1,24,75,13
240,20120115,20,-17,24,69,13
240,20120116,-2,-36,23,43,14
240,20120117,-7,-45,7,54,14
240,20120118,31,-30,2,79,21
240,20120119,67,35,23,78,6
240,20120120,47,15,23,69,12
240,20120121,78,35,1,102,10
240,20120122,68,53,21,95,14
240,20120123,53,16,24,79,12
240,20120124,34,1,7,67,13
240,20120125,45,33,7,55,14
240,20120126,50,29,24,61,15
240,20120127,33,7,23,83,13
240,20120128,30,8,2,56,15
240,20120129,-5,-18,19,15,4
240,20120130,-17,-22,6,-12,20
240,20120131,-36,-60,24,-14,15
240,20120201,-40,-64,2,-14,14
240,20120202,-55,-73,24,-38,13
240,20120203,-69,-155,24,-39,11
240,20120204,-115,-188,7,-53,14
240,20120205,-67,-85,1,-52,21
240,20120206,-71,-106,24,-35,14
240,20120207,-77,-140,8,-31,24
240,20120208,-32,-77,24,-15,13
240,20120209,-43,-116,7,11,15
240,20120210,-57,-85,24,-26,14
240,20120211,-71,-105,7,-33,14
240,20120212,-32,-108,3,2,24
240,20120213,27,2,1,48,11
240,20120214,48,27,8,64,13
240,20120215,56,42,7,67,11
240,20120216,56,31,3,70,11
240,20120217,67,51,7,87,12
240,20120218,68,35,24,95,14
240,20120219,28,-9,23,58,12
240,20120220,27,-27,2,66,12
240,20120221,67,29,2,93,13
240,20120222,71,54,20,91,12
240,20120223,97,66,1,124,13
240,20120224,77,21,24,99,14
240,20120225,56,16,1,91,13
240,20120226,64,48,3,90,12
240,20120227,65,27,4,83,23
240,20120228,86,73,4,98,12
240,20120229,78,66,21,88,16
240,20120301,85,64,24,106,15
240,20120302,74,49,22,108,13
240,20120303,90,53,24,129,13
240,20120304,69,28,4,102,16
240,20120305,59,44,12,84,1
240,20120306,61,26,24,99,15
240,20120307,44,22,1,65,19
240,20120308,56,34,19,89,13
240,20120309,74,33,4,109,13
240,20120310,89,78,6,117,14
240,20120311,77,29,7,131,14
240,20120312,74,21,4,136,13
240,20120313,78,66,23,90,13
240,20120314,62,15,24,77,15
240,20120315,79,5,4,150,15
240,20120316,80,38,3,103,15
240,20120317,89,40,6,124,14
240,20120318,64,24,24,91,4
240,20120319,50,-12,6,105,13
240,20120320,74,17,6,129,15
240,20120321,94,30,6,156,14
240,20120322,117,57,5,177,14
240,20120323,118,51,6,179,14
240,20120324,103,56,24,165,14
240,20120325,92,46,7,159,15
240,20120326,101,40,7,164,14
240,20120327,103,21,5,178,15
240,20120328,97,31,4,168,13
240,20120329,84,39,3,115,15
240,20120330,83,69,23,96,13
240,20120331,68,4,24,105,12
240,20120401,54,-3,2,98,13
240,20120402,80,34,23,138,14
240,20120403,89,18,2,145,14
240,20120404,70,58,2,82,1
240,20120405,55,18,24,85,15
240,20120406,54,-23,6,99,13
240,20120407,51,27,24,88,12
240,20120408,65,2,6,96,13
240,20120409,90,74,1,102,12
240,20120410,96,60,23,126,14
240,20120411,81,47,3,130,13
240,20120412,75,10,6,134,13
240,20120413,70,30,3,112,11
240,20120414,74,15,3,117,15
240,20120415,66,26,24,103,13
240,20120416,53,5,24,103,12
240,20120417,50,-11,3,104,12
240,20120418,81,38,5,128,15
240,20120419,86,54,24,128,16
240,20120420,80,44,2,120,12
240,20120421,77,46,21,117,15
240,20120422,94,59,22,134,13
240,20120423,95,59,4,137,13
240,20120424,90,67,4,119,16
240,20120425,98,51,4,135,11
240,20120426,114,90,3,158,13
240,20120427,124,89,3,174,13
240,20120428,97,85,19,114,1
240,20120429,121,72,24,174,17
240,20120430,156,62,5,222,15
240,20120501,135,84,24,178,16
240,20120502,139,72,3,201,15
240,20120503,122,108,24,149,15
240,20120504,93,63,24,109,1
240,20120505,88,67,1,114,12
240,20120506,89,52,24,124,12
240,20120507,105,56,3,150,16
240,20120508,128,101,5,169,14
240,20120509,151,119,1,181,15
240,20120510,177,153,5,204,13
240,20120511,132,71,24,168,1
240,20120512,89,51,24,126,13
240,20120513,96,23,4,147,13
240,20120514,109,70,2,160,13
240,20120515,95,70,4,134,13
240,20120516,81,39,24,120,12
240,20120517,107,31,3,149,16
240,20120518,134,95,6,188,12
240,20120519,144,111,3,184,11
240,20120520,155,114,6,208,17
240,20120521,185,118,3,245,16
240,20120522,204,142,4,274,15
240,20120523,216,154,3,285,13
240,20120524,216,154,1,264,15
240,20120525,203,153,4,247,15
240,20120526,201,150,4,248,15
240,20120527,203,126,4,254,15
240,20120528,158,107,24,219,10
240,20120529,132,91,24,182,12
240,20120530,150,85,2,207,14
240,20120531,138,110,1,172,9
240,20120601,122,65,24,155,14
240,20120602,120,51,4,167,15
240,20120603,92,84,18,115,1
240,20120604,89,52,24,131,17
240,20120605,117,42,1,159,15
240,20120606,139,97,4,184,15
240,20120607,160,123,23,201,15
240,20120608,153,118,2,195,12
240,20120609,129,109,6,156,17
240,20120610,146,94,3,191,14
240,20120611,154,130,17,204,14
240,20120612,131,87,24,166,14
240,20120613,117,73,24,157,13
240,20120614,130,62,3,174,15
240,20120615,148,121,1,176,16
240,20120616,163,137,23,200,14
240,20120617,163,135,24,197,14
240,20120618,144,97,24,176,13
240,20120619,153,88,4,202,13
240,20120620,177,134,3,215,15
240,20120621,177,137,24,218,12
240,20120622,157,127,4,195,12
240,20120623,159,134,3,194,14
240,20120624,136,117,5,165,15
240,20120625,139,100,24,172,13
240,20120626,164,86,2,209,16
240,20120627,181,161,24,214,12
240,20120628,221,145,2,279,16
240,20120629,188,152,22,223,14
240,20120630,185,144,22,232,14
240,20120701,156,121,23,195,12
240,20120702,171,118,1,216,14
240,20120703,189,144,4,232,12
240,20120704,218,169,1,272,14
240,20120705,220,173,2,264,16
240,20120706,192,151,24,225,16
240,20120707,185,141,4,237,15
240,20120708,168,150,1,197,16
240,20120709,165,135,3,192,9
240,20120710,165,143,23,196,12
240,20120711,154,135,7,188,16
240,20120712,144,99,5,176,15
240,20120713,156,128,3,203,15
240,20120714,148,119,21,181,15
240,20120715,146,97,4,179,15
240,20120716,156,133,1,188,10
240,20120717,170,148,3,193,16
240,20120718,166,154,19,183,10
240,20120719,150,110,24,179,13
240,20120720,147,104,1,182,14
240,20120721,137,93,1,183,15
240,20120722,158,88,3,214,15
240,20120723,199,134,1,259,16
240,20120724,218,135,4,275,15
240,20120725,220,149,4,279,12
240,20120726,205,165,4,255,15
240,20120727,204,160,4,282,13
240,20120728,179,134,24,220,12
240,20120729,163,124,24,200,14
240,20120730,155,109,5,193,13
240,20120731,153,119,3,179,16
240,20120801,201,131,5,267,14
240,20120802,179,148,24,211,15
240,20120803,182,146,1,223,17
240,20120804,178,145,5,227,15
240,20120805,177,147,4,234,14
240,20120806,173,152,1,201,11
240,20120807,166,142,24,193,16
240,20120808,169,127,24,202,11
240,20120809,163,112,24,210,14
240,20120810,165,102,4,213,14
240,20120811,165,120,2,210,14
240,20120812,193,139,4,242,15
240,20120813,191,150,5,237,14
240,20120814,208,170,1,256,12
240,20120815,222,163,3,291,15
240,20120816,188,141,3,231,15
240,20120817,219,160,2,272,16
240,20120818,244,190,5,318,16
240,20120819,249,195,1,316,14
240,20120820,203,163,22,234,11
240,20120821,200,163,6,256,13
240,20120822,182,160,23,214,14
240,20120823,175,140,5,216,14
240,20120824,182,147,5,226,13
240,20120825,172,154,5,213,14
240,20120826,160,112,23,197,12
240,20120827,172,103,3,215,14
240,20120828,179,141,23,224,13
240,20120829,179,122,4,238,13
240,20120830,158,127,24,204,12
240,20120831,137,91,24,178,12
240,20120901,152,98,6,193,15
240,20120902,162,118,3,201,14
240,20120903,172,123,5,224,13
240,20120904,178,121,3,231,13
240,20120905,156,123,4,194,12
240,20120906,149,115,24,185,13
240,20120907,171,118,1,213,12
240,20120908,183,135,3,237,13
240,20120909,199,123,5,271,14
240,20120910,189,158,5,223,15
240,20120911,156,117,24,182,14
240,20120912,130,85,3,164,14
240,20120913,137,106,3,174,13
240,20120914,153,119,1,187,12
240,20120915,141,98,24,181,11
240,20120916,150,101,4,190,16
240,20120917,168,114,24,199,13
240,20120918,132,83,24,166,14
240,20120919,100,53,24,155,11
240,20120920,114,63,5,162,15
240,20120921,130,104,3,161,13
240,20120922,108,68,24,154,11
240,20120923,96,42,5,138,11
240,20120924,139,98,2,212,13
240,20120925,134,111,6,170,12
240,20120926,133,112,22,166,13
240,20120927,122,80,24,162,14
240,20120928,136,88,1,171,13
240,20120929,129,109,6,153,10
240,20120930,124,66,6,167,13
240,20121001,142,117,6,169,12
240,20121002,140,114,6,175,12
240,20121003,129,103,24,145,14
240,20121004,118,99,19,150,11
240,20121005,126,99,24,164,10
240,20121006,103,63,23,155,13
240,20121007,93,52,24,151,12
240,20121008,91,46,4,135,12
240,20121009,93,38,3,139,12
240,20121010,96,41,23,144,12
240,20121011,95,48,3,143,14
240,20121012,114,76,24,156,11
240,20121013,90,77,24,107,13
240,20121014,89,71,4,123,15
240,20121015,102,60,7,133,12
240,20121016,110,81,24,151,13
240,20121017,117,76,4,152,14
240,20121018,142,126,2,156,13
240,20121019,163,127,3,204,13
240,20121020,143,128,24,161,1
240,20121021,126,106,5,137,15
240,20121022,152,123,7,205,14
240,20121023,140,112,24,169,13
240,20121024,121,109,3,148,12
240,20121025,108,82,24,136,13
240,20121026,59,6,24,87,2
240,20121027,43,5,23,84,12
240,20121028,57,-13,2,104,15
240,20121029,81,60,5,97,16
240,20121030,69,33,23,99,11
240,20121031,80,47,5,123,14
240,20121101,79,61,4,107,15
240,20121102,68,51,5,91,14
240,20121103,65,37,6,93,17
240,20121104,58,17,8,84,20
240,20121105,67,30,23,99,11
240,20121106,77,21,6,108,10
240,20121107,104,94,17,112,10
240,20121108,106,93,18,120,14
240,20121109,90,70,20,105,1
240,20121110,98,80,2,111,16
240,20121111,81,48,19,123,13
240,20121112,65,42,6,81,11
240,20121113,91,74,1,108,14
240,20121114,85,33,24,128,14
240,20121115,35,4,7,54,1
240,20121116,38,25,22,47,13
240,20121117,54,23,3,85,24
240,20121118,59,-6,24,106,13
240,20121119,46,-13,6,100,23
240,20121120,93,70,24,113,12
240,20121121,67,35,7,103,22
240,20121122,74,39,3,111,14
240,20121123,59,22,22,81,13
240,20121124,44,-2,7,88,24
240,20121125,100,70,24,124,6
240,20121126,77,56,3,98,15
240,20121127,63,21,22,86,14
240,20121128,59,17,3,92,12
240,20121129,35,-6,24,75,12
240,20121130,23,-31,7,72,13
240,20121201,39,21,2,67,12
240,20121202,33,5,19,59,15
240,20121203,35,2,9,80,17
240,20121204,51,8,24,71,13
240,20121205,13,-10,8,42,14
240,20121206,8,-34,8,37,11
240,20121207,5,-10,24,16,3
240,20121208,-10,-70,8,23,22
240,20121209,62,19,1,87,14
240,20121210,33,-3,24,61,1
240,20121211,5,-24,2,33,14
240,20121212,23,-2,24,50,14
240,20121213,-10,-34,8,7,24
240,20121214,49,5,1,94,24
240,20121215,79,63,7,90,1
240,20121216,68,36,23,78,13
240,20121217,61,26,24,75,17
240,20121218,53,24,1,70,13
240,20121219,53,39,24,63,14
240,20121220,33,27,7,43,12
240,20121221,51,26,1,75,21
240,20121222,71,64,4,108,24
240,20121223,109,94,22,119,10
240,20121224,96,76,10,121,19
240,20121225,84,68,8,101,13
240,20121226,77,33,7,97,24
240,20121227,72,46,20,92,1
240,20121228,67,31,3,104,23
240,20121229,106,86,24,118,19
240,20121230,81,60,7,99,23
240,20121231,94,87,8,104,17
240,20130101,71,55,16,93,4
240,20130102,68,39,7,84,11
240,20130103,101,82,1,114,12
240,20130104,91,84,19,99,1
240,20130105,81,73,16,89,24
240,20130106,80,51,19,106,12
240,20130107,71,61,20,83,10
240,20130108,77,61,1,92,12
240,20130109,67,20,22,84,13
240,20130110,54,0,24,82,12
240,20130111,6,-21,7,23,14
240,20130112,4,-23,24,29,13
240,20130113,-14,-39,7,11,14
240,20130114,-31,-63,8,-15,1
240,20130115,-25,-76,24,-14,17
240,20130116,-53,-103,5,-4,13
240,20130117,-46,-58,18,-22,24
240,20130118,-15,-22,1,-3,14
240,20130119,-39,-52,24,-22,1
240,20130120,-47,-60,9,-28,24
240,20130121,-21,-30,1,-13,15
240,20130122,-42,-74,23,-25,1
240,20130123,-45,-78,8,-28,14
240,20130124,-37,-79,9,-5,11
240,20130125,-46,-99,6,-22,13
240,20130126,-14,-39,8,14,24
240,20130127,32,13,1,62,14
240,20130128,49,7,3,88,24
240,20130129,105,86,1,131,23
240,20130130,98,72,24,132,1
240,20130131,76,64,6,99,13
240,20130201,49,18,20,75,1
240,20130202,41,21,6,63,13
240,20130203,49,11,4,74,22
240,20130204,78,63,24,93,13
240,20130205,34,2,24,65,1
240,20130206,24,1,1,50,15
240,20130207,22,-10,20,54,12
240,20130208,9,-29,24,49,13
240,20130209,-2,-34,1,26,12
240,20130210,-5,-19,24,9,15
240,20130211,-16,-31,5,7,15
240,20130212,-5,-27,4,7,22
240,20130213,-8,-39,6,18,15
240,20130214,-6,-19,1,17,23
240,20130215,43,11,3,75,12
240,20130216,55,35,24,79,14
240,20130217,33,-1,24,74,14
240,20130218,24,-19,2,75,14
240,20130219,33,-17,1,61,12
240,20130220,3,-18,24,27,13
240,20130221,-5,-30,6,23,13
240,20130222,-11,-37,5,16,14
240,20130223,-8,-35,3,9,13
240,20130224,5,-10,2,13,14
240,20130225,20,11,1,31,14
240,20130226,26,7,24,46,14
240,20130227,10,-3,24,30,15
240,20130228,17,-9,1,35,24
240,20130301,36,23,7,50,13
240,20130302,31,22,7,49,13
240,20130303,43,4,24,66,14
240,20130304,47,-22,5,110,15
240,20130305,87,24,6,160,15
240,20130306,108,47,4,160,13
240,20130307,83,67,7,108,16
240,20130308,81,52,24,122,14
240,20130309,37,7,24,52,1
240,20130310,2,-11,24,7,1
240,20130311,-17,-24,10,-8,16
240,20130312,-20,-62,24,11,15
240,20130313,2,-66,2,63,14
240,20130314,-2,-51,6,41,14
240,20130315,9,-38,1,30,10
240,20130316,49,20,2,76,15
240,20130317,55,35,1,91,14
240,20130318,53,24,24,92,13
240,20130319,31,2,6,61,13
240,20130320,9,2,22,25,15
240,20130321,6,-34,4,55,15
240,20130322,5,-29,5,44,13
240,20130323,0,-26,24,32,13
240,20130324,-5,-39,6,33,13
240,20130325,3,-24,5,43,15
240,20130326,6,-29,6,54,16
240,20130327,12,-34,6,63,15
240,20130328,1,-24,5,38,14
240,20130329,1,-27,5,37,14
240,20130330,8,-22,1,54,13
240,20130331,18,-17,1,56,11
240,20130401,28,-21,5,72,15
240,20130402,39,-7,5,86,15
240,20130403,38,1,2,83,15
240,20130404,31,-2,2,50,22
240,20130405,42,13,6,91,14
240,20130406,48,0,24,96,14
240,20130407,37,3,7,92,14
240,20130408,60,16,4,110,14
240,20130409,68,25,4,113,12
240,20130410,53,8,22,82,10
240,20130411,60,38,1,91,11
240,20130412,74,39,3,118,13
240,20130413,94,44,3,140,15
240,20130414,155,105,1,216,15
240,20130415,120,63,24,173,15
240,20130416,113,56,2,165,11
240,20130417,143,69,4,199,14
240,20130418,118,84,24,165,1
240,20130419,77,38,24,113,15
240,20130420,66,7,4,115,16
240,20130421,72,15,23,140,13
240,20130422,88,9,5,143,14
240,20130423,109,84,21,145,14
240,20130424,121,67,5,185,12
240,20130425,144,83,1,216,15
240,20130426,73,29,24,111,1
240,20130427,64,14,24,112,14
240,20130428,70,9,5,121,13
240,20130429,83,41,24,122,15
240,20130430,84,31,4,134,14
240,20130501,99,35,4,160,15
240,20130502,112,73,4,158,16
240,20130503,123,64,4,180,12
240,20130504,117,59,2,168,14
240,20130505,123,56,5,183,12
240,20130506,152,77,4,218,13
240,20130507,166,107,5,240,14
240,20130508,157,117,24,214,12
240,20130509,123,88,21,154,16
240,20130510,126,93,24,164,14
240,20130511,106,86,24,139,14
240,20130512,94,65,6,122,15
240,20130513,112,68,24,144,11
240,20130514,97,58,4,135,13
240,20130515,112,42,24,170,15
240,20130516,93,36,1,122,9
240,20130517,90,82,1,105,12
240,20130518,100,58,24,125,15
240,20130519,109,47,2,151,11
240,20130520,108,96,3,118,12
240,20130521,97,86,24,108,10
240,20130522,90,47,24,125,13
240,20130523,74,49,23,111,14
240,20130524,75,47,3,117,14
240,20130525,85,25,4,127,10
240,20130526,94,69,24,127,14
240,20130527,124,47,3,179,15
240,20130528,160,82,1,216,15
240,20130529,116,100,2,147,13
240,20130530,134,106,1,172,14
240,20130531,139,94,24,200,13
240,20130601,103,72,24,135,12
240,20130602,114,51,3,162,15
240,20130603,107,66,24,146,14
240,20130604,145,80,1,209,16
240,20130605,157,96,3,215,14
240,20130606,164,107,3,234,16
240,20130607,161,108,24,230,15
240,20130608,136,106,2,180,13
240,20130609,124,105,5,155,15
240,20130610,124,90,22,154,15
240,20130611,157,95,3,214,16
240,20130612,176,153,1,202,15
240,20130613,158,126,24,189,10
240,20130614,151,119,24,187,19
240,20130615,145,111,4,181,15
240,20130616,143,104,24,179,13
240,20130617,169,96,2,224,16
240,20130618,217,148,3,290,15
240,20130619,209,164,23,246,13
240,20130620,190,159,2,219,18
240,20130621,157,146,13,194,1
240,20130622,156,135,22,177,9
240,20130623,151,125,4,194,14
240,20130624,132,105,24,167,14
240,20130625,133,89,24,179,13
240,20130626,133,80,4,176,15
240,20130627,126,85,4,150,14
240,20130628,141,118,3,166,14
240,20130629,138,88,24,170,13
240,20130630,169,88,1,214,16
240,20130701,156,129,24,188,13
240,20130702,169,101,5,207,13
240,20130703,162,150,8,182,11
240,20130704,177,153,3,213,11
240,20130705,181,150,6,220,13
240,20130706,194,132,4,245,15
240,20130707,196,142,4,246,14
240,20130708,192,149,2,240,14
240,20130709,183,130,4,227,14
240,20130710,161,125,4,198,14
240,20130711,150,124,23,174,11
240,20130712,153,113,3,189,15
240,20130713,167,122,24,213,13
240,20130714,167,109,3,224,14
240,20130715,189,122,3,249,13
240,20130716,193,126,3,248,12
240,20130717,205,144,4,255,15
240,20130718,209,160,4,258,14
240,20130719,207,157,4,256,14
240,20130720,191,173,6,218,16
240,20130721,233,157,3,296,16
240,20130722,253,173,4,316,14
240,20130723,241,168,4,312,14
240,20130724,203,148,24,257,12
240,20130725,209,140,3,283,13
240,20130726,212,161,3,252,16
240,20130727,214,177,4,249,16
240,20130728,203,171,24,241,15
240,20130729,202,170,1,233,15
240,20130730,176,160,3,207,9
240,20130731,195,175,5,220,12
240,20130801,246,181,4,304,15
240,20130802,245,189,24,322,14
240,20130803,197,138,24,227,14
240,20130804,196,132,5,248,13
240,20130805,217,142,4,284,13
240,20130806,184,155,23,216,15
240,20130807,162,141,4,185,11
240,20130808,172,128,23,217,14
240,20130809,181,124,2,232,14
240,20130810,164,118,22,203,10
240,20130811,176,133,5,218,14
240,20130812,169,130,2,205,14
240,20130813,155,112,22,200,13
240,20130814,166,111,24,216,14
240,20130815,168,108,2,224,17
240,20130816,192,134,4,262,11
240,20130817,200,168,24,247,15
240,20130818,187,151,24,222,12
240,20130819,165,123,24,213,12
240,20130820,166,110,3,222,14
240,20130821,177,113,5,234,14
240,20130822,179,121,5,213,9
240,20130823,204,149,5,253,14
240,20130824,191,161,24,240,15
240,20130825,186,140,3,234,15
240,20130826,188,147,24,236,15
240,20130827,187,129,5,244,14
240,20130828,183,130,23,240,14
240,20130829,176,109,5,237,12
240,20130830,181,122,5,229,12
240,20130831,167,101,23,208,12
240,20130901,154,104,1,181,10
240,20130902,174,147,4,202,17
240,20130903,194,146,1,241,13
240,20130904,199,144,5,247,14
240,20130905,230,152,6,305,14
240,20130906,193,144,21,245,12
240,20130907,173,136,24,204,17
240,20130908,145,117,24,188,16
240,20130909,130,97,6,177,12
240,20130910,135,104,5,171,12
240,20130911,152,112,2,192,10
240,20130912,152,110,24,194,14
240,20130913,147,108,2,169,10
240,20130914,151,115,24,177,11
240,20130915,132,87,4,173,12
240,20130916,121,81,20,157,14
240,20130917,114,90,23,152,12
240,20130918,114,88,23,156,13
240,20130919,127,80,1,152,9
240,20130920,136,83,23,169,13
240,20130921,145,89,1,182,14
240,20130922,163,145,2,194,11
240,20130923,161,111,22,194,14
240,20130924,149,119,1,182,15
240,20130925,149,107,3,185,15
240,20130926,132,92,24,164,13
240,20130927,110,67,4,163,14
240,20130928,124,76,6,174,13
240,20130929,124,84,6,176,14
240,20130930,114,75,6,162,14
240,20131001,106,42,6,160,14
240,20131002,107,60,6,154,15
240,20131003,127,75,6,170,14
240,20131004,159,116,3,221,14
240,20131005,146,88,24,189,12
240,20131006,125,82,22,181,14
240,20131007,123,63,4,186,13
240,20131008,149,83,1,187,12
240,20131009,130,68,24,161,14
240,20131010,93,56,7,127,13
240,20131011,90,69,2,115,22
240,20131012,91,44,5,119,13
240,20131013,85,79,11,94,1
240,20131014,102,92,1,112,14
240,20131015,91,38,24,116,15
240,20131016,103,34,1,148,11
240,20131017,128,76,23,157,10
240,20131018,113,77,1,135,14
240,20131019,127,94,6,157,13
240,20131020,143,113,3,180,13
240,20131021,145,116,6,173,15
240,20131022,169,133,5,216,14
240,20131023,155,120,24,184,11
240,20131024,113,56,7,165,13
240,20131025,144,100,1,175,15
240,20131026,151,129,19,179,14
240,20131027,143,126,24,156,12
240,20131028,133,98,24,172,9
240,20131029,106,77,19,139,11
240,20131030,102,75,5,134,13
240,20131031,104,77,3,128,16
240,20131101,111,97,24,124,14
240,20131102,106,87,3,128,20
240,20131103,95,64,18,119,2
240,20131104,84,71,24,120,7
240,20131105,74,33,5,99,22
240,20131106,109,75,1,146,23
240,20131107,109,67,24,147,3
240,20131108,79,43,5,108,14
240,20131109,83,45,22,107,10
240,20131110,61,28,24,101,14
240,20131111,66,10,6,95,11
240,20131112,74,39,24,104,16
240,20131113,62,19,7,119,12
240,20131114,75,43,24,101,14
240,20131115,61,11,6,119,13
240,20131116,54,16,4,88,13
240,20131117,74,64,18,100,12
240,20131118,60,45,7,72,14
240,20131119,58,4,23,89,11
240,20131120,28,-9,7,60,10
240,20131121,30,2,24,55,13
240,20131122,46,-4,1,63,13
240,20131123,53,25,18,77,13
240,20131124,66,44,1,89,12
240,20131125,54,16,6,87,13
240,20131126,56,27,8,86,13
240,20131127,78,44,1,95,21
240,20131128,88,56,24,109,12
240,20131129,76,52,17,97,10
240,20131130,63,25,23,98,12
240,20131201,69,23,1,94,14
240,20131202,42,-4,24,88,12
240,20131203,28,-28,6,75,13
240,20131204,58,32,21,89,11
240,20131205,61,26,3,96,15
240,20131206,39,11,2,54,11
240,20131207,64,38,1,87,13
240,20131208,90,70,4,100,23
240,20131209,90,57,20,107,12
240,20131210,34,-13,24,82,1
240,20131211,14,-16,8,63,14
240,20131212,18,-3,21,48,13
240,20131213,22,1,1,42,24
240,20131214,63,41,1,88,13
240,20131215,81,61,5,91,11
240,20131216,98,84,1,122,13
240,20131217,62,37,17,88,2
240,20131218,74,60,1,89,13
240,20131219,68,25,19,93,6
240,20131220,60,27,9,87,12
240,20131221,71,63,1,79,24
240,20131222,80,63,23,98,12
240,20131223,77,40,6,110,23
240,20131224,99,72,24,119,9
240,20131225,57,26,18,82,5
240,20131226,51,27,22,72,15
240,20131227,73,29,1,95,16
240,20131228,63,26,24,91,13
240,20131229,47,18,24,83,14
240,20131230,52,23,4,74,20
240,20131231,66,49,9,85,13
240,20140101,68,41,6,90,22
240,20140102,83,56,23,99,6
240,20140103,85,56,1,114,14
240,20140104,76,56,3,93,18
240,20140105,57,18,8,85,1
240,20140106,107,65,1,140,13
240,20140107,101,87,23,117,16
240,20140108,83,64,19,102,15
240,20140109,91,65,17,115,9
240,20140110,69,42,9,95,14
240,20140111,56,22,23,81,12
240,20140112,27,-18,9,62,13
240,20140113,61,28,1,93,14
240,20140114,49,27,3,65,14
240,20140115,46,26,1,65,24
240,20140116,73,52,19,90,12
240,20140117,72,57,2,88,14
240,20140118,67,47,23,84,14
240,20140119,58,46,3,67,16
240,20140120,41,27,23,60,1
240,20140121,35,19,23,51,20
240,20140122,31,17,1,38,16
240,20140123,36,19,24,57,16
240,20140124,48,18,1,69,12
240,20140125,41,27,3,67,23
240,20140126,54,34,18,68,23
240,20140127,40,18,9,64,1
240,20140128,44,22,8,64,15
240,20140129,3,-20,24,32,1
240,20140130,2,-24,4,30,15
240,20140131,27,-33,6,63,22
240,20140201,61,43,21,82,12
240,20140202,46,25,23,76,13
240,20140203,40,8,7,82,15
240,20140204,59,26,3,91,14
240,20140205,70,41,2,97,13
240,20140206,72,55,20,93,13
240,20140207,74,42,24,100,11
240,20140208,69,44,1,91,14
240,20140209,56,37,24,74,15
240,20140210,50,15,4,87,15
240,20140211,52,16,22,78,14
240,20140212,55,23,6,88,13
240,20140213,51,21,21,73,13
240,20140214,51,19,7,85,24
240,20140215,95,61,22,122,1
240,20140216,57,9,23,91,14
240,20140217,60,4,2,106,14
240,20140218,63,42,6,87,14
240,20140219,77,45,24,100,13
240,20140220,81,47,1,101,21
240,20140221,67,47,24,95,13
240,20140222,61,33,20,103,14
240,20140223,75,36,5,119,16
240,20140224,78,41,6,125,14
240,20140225,81,54,2,121,15
240,20140226,61,35,5,110,13
240,20140227,48,27,6,71,12
240,20140228,53,14,6,84,14
240,20140301,59,45,22,83,11
240,20140302,61,15,6,100,14
240,20140303,52,15,21,93,16
240,20140304,60,22,23,106,12
240,20140305,59,16,24,121,13
240,20140306,71,16,1,127,14
240,20140307,73,36,24,123,13
240,20140308,91,-4,4,158,14
240,20140309,109,42,24,181,15
240,20140310,95,31,2,174,14
240,20140311,83,61,24,131,15
240,20140312,88,31,7,150,16
240,20140313,86,19,7,161,15
240,20140314,63,12,3,103,14
240,20140315,96,81,6,114,14
240,20140316,102,87,7,127,12
240,20140317,101,84,24,118,12
240,20140318,94,70,4,110,15
240,20140319,101,70,24,135,15
240,20140320,125,61,6,200,15
240,20140321,77,49,24,118,1
240,20140322,65,42,2,106,14
240,20140323,56,30,23,97,13
240,20140324,52,5,6,99,13
240,20140325,59,3,1,108,12
240,20140326,47,-6,3,88,15
240,20140327,85,24,1,138,15
240,20140328,107,50,5,168,16
240,20140329,117,46,6,189,14
240,20140330,135,75,3,199,15
240,20140331,146,99,4,201,14
240,20140401,128,72,24,189,14
240,20140402,129,53,4,190,14
240,20140403,144,82,5,214,16
240,20140404,121,107,24,140,2
240,20140405,121,86,5,170,13
240,20140406,132,92,1,161,16
240,20140407,148,111,2,206,15
240,20140408,90,61,22,132,1
240,20140409,103,60,2,137,14
240,20140410,116,89,24,146,11
240,20140411,103,57,24,155,13
240,20140412,97,22,6,150,13
240,20140413,103,71,5,134,12
240,20140414,87,45,24,116,11
240,20140415,68,22,5,111,15
240,20140416,88,14,5,148,14
240,20140417,107,42,4,174,13
240,20140418,80,54,1,118,14
240,20140419,106,57,6,154,16
240,20140420,155,105,2,212,13
240,20140421,122,97,4,154,9
240,20140422,131,85,4,175,16
240,20140423,140,71,3,202,14
240,20140424,144,82,4,195,14
240,20140425,166,120,24,231,16
240,20140426,136,98,24,179,15
240,20140427,117,92,24,153,15
240,20140428,131,83,2,159,13
240,20140429,129,108,24,157,15
240,20140430,115,100,4,155,13
240,20140501,127,97,4,173,14
240,20140502,99,45,24,129,14
240,20140503,84,38,2,135,12
240,20140504,88,19,2,127,13
240,20140505,129,41,2,185,16
240,20140506,144,116,24,177,14
240,20140507,135,109,1,169,15
240,20140508,126,115,15,146,10
240,20140509,126,75,17,166,15
240,20140510,117,77,1,154,16
240,20140511,108,96,19,130,16
240,20140512,110,63,23,148,13
240,20140513,105,58,24,147,13
240,20140514,101,56,23,145,14
240,20140515,105,39,2,154,13
240,20140516,127,47,4,185,15
240,20140517,148,73,3,208,15
240,20140518,169,91,2,221,15
240,20140519,187,113,5,242,15
240,20140520,198,147,23,258,14
240,20140521,179,126,3,216,14
240,20140522,178,149,22,226,14
240,20140523,164,133,23,204,15
240,20140524,159,115,24,200,13
240,20140525,156,92,3,206,13
240,20140526,164,133,2,220,12
240,20140527,159,149,20,185,9
240,20140528,133,119,24,153,8
240,20140529,105,66,24,119,1
240,20140530,127,57,2,174,15
240,20140531,135,69,3,195,11
240,20140601,137,80,1,180,14
240,20140602,141,86,3,199,16
240,20140603,153,84,1,205,16
240,20140604,150,120,2,183,15
240,20140605,127,87,24,166,16
240,20140606,164,74,4,220,16
240,20140607,199,128,3,280,16
240,20140608,193,149,3,243,14
240,20140609,219,161,5,270,18
240,20140610,191,136,23,243,10
240,20140611,166,115,24,202,14
240,20140612,172,108,4,225,13
240,20140613,172,115,3,217,13
240,20140614,157,128,22,189,15
240,20140615,152,111,4,194,13
240,20140616,150,127,4,184,11
240,20140617,150,99,24,187,11
240,20140618,156,97,1,201,14
240,20140619,141,128,1,169,17
240,20140620,137,99,24,177,11
240,20140621,155,99,4,204,15
240,20140622,149,89,4,196,13
240,20140623,159,93,1,205,15
240,20140624,161,109,23,213,13
240,20140625,146,94,3,182,11
240,20140626,166,101,5,211,13
240,20140627,169,131,4,209,15
240,20140628,165,137,24,202,13
240,20140629,156,111,4,189,15
240,20140630,139,103,23,181,14
240,20140701,148,90,4,196,13
240,20140702,152,91,2,203,14
240,20140703,189,111,2,245,14
240,20140704,220,125,4,298,14
240,20140705,193,171,4,225,16
240,20140706,183,141,22,241,13
240,20140707,174,125,4,214,11
240,20140708,150,134,23,167,1
240,20140709,156,134,3,175,22
240,20140710,213,148,4,273,14
240,20140711,197,159,4,246,12
240,20140712,187,157,24,238,12
240,20140713,188,149,3,228,15
240,20140714,178,143,22,212,13
240,20140715,173,139,4,224,14
240,20140716,197,141,4,257,15
240,20140717,220,161,4,272,13
240,20140718,250,180,3,311,15
240,20140719,264,192,4,337,14
240,20140720,213,180,24,255,16
240,20140721,194,177,1,213,10
240,20140722,225,184,4,268,14
240,20140723,235,201,7,278,13
240,20140724,221,175,24,266,14
240,20140725,190,164,3,232,10
240,20140726,204,171,1,250,11
240,20140727,198,170,2,245,15
240,20140728,195,160,8,242,16
240,20140729,207,158,24,258,12
240,20140730,177,132,4,225,13
240,20140731,195,128,3,252,12
240,20140801,199,153,3,257,14
240,20140802,212,157,1,281,14
240,20140803,197,160,5,249,14
240,20140804,183,135,4,226,13
240,20140805,187,123,4,240,12
240,20140806,181,163,3,212,8
240,20140807,195,162,1,240,12
240,20140808,191,150,2,234,11
240,20140809,189,153,23,228,14
240,20140810,186,157,2,215,12
240,20140811,178,139,22,217,14
240,20140812,164,137,5,209,15
240,20140813,170,127,4,215,13
240,20140814,164,122,5,201,11
240,20140815,158,123,24,201,13
240,20140816,163,124,5,187,11
240,20140817,160,127,20,178,15
240,20140818,142,95,23,181,13
240,20140819,130,104,23,162,10
240,20140820,125,84,5,161,15
240,20140821,137,76,5,185,15
240,20140822,133,98,22,164,15
240,20140823,123,79,5,170,15
240,20140824,129,85,3,175,12
240,20140825,131,104,2,161,11
240,20140826,141,110,24,169,16
240,20140827,148,73,5,210,14
240,20140828,167,127,4,208,14
240,20140829,172,138,2,215,12
240,20140830,166,139,22,203,13
240,20140831,149,104,24,194,13
240,20140901,156,93,5,213,13
240,20140902,174,127,5,217,14
240,20140903,172,123,5,218,13
240,20140904,180,133,4,230,16
240,20140905,185,139,5,243,15
240,20140906,176,155,22,200,10
240,20140907,171,128,24,214,14
240,20140908,147,94,4,198,14
240,20140909,152,126,2,177,16
240,20140910,144,102,24,194,13
240,20140911,162,86,2,209,14
240,20140912,166,105,4,213,14
240,20140913,172,145,1,216,14
240,20140914,165,127,24,210,15
240,20140915,172,112,4,227,13
240,20140916,186,135,6,244,13
240,20140917,190,146,6,250,14
240,20140918,194,136,4,257,14
240,20140919,186,142,5,238,14
240,20140920,179,144,4,232,12
240,20140921,159,130,23,189,13
240,20140922,141,96,24,179,14
240,20140923,136,79,6,182,13
240,20140924,136,103,24,171,12
240,20140925,149,94,5,175,15
240,20140926,163,122,22,200,13
240,20140927,156,91,5,212,13
240,20140928,163,109,5,214,13
240,20140929,163,127,2,200,13
240,20140930,157,116,24,189,15
240,20141001,162,112,3,202,13
240,20141002,161,120,24,186,10
240,20141003,156,100,5,215,15
240,20141004,155,120,21,206,13
240,20141005,131,81,7,166,14
240,20141006,136,124,3,150,15
240,20141007,125,101,24,151,10
240,20141008,128,88,5,158,17
240,20141009,146,117,24,182,14
240,20141010,136,93,24,181,12
240,20141011,118,86,2,147,16
240,20141012,128,86,7,165,13
240,20141013,144,119,24,180,11
240,20141014,123,105,4,139,18
240,20141015,137,105,5,178,13
240,20141016,143,121,1,181,14
240,20141017,146,106,6,189,12
240,20141018,174,129,2,222,15
240,20141019,169,151,24,198,11
240,20141020,150,130,22,174,14
240,20141021,118,82,23,143,1
240,20141022,104,68,2,138,13
240,20141023,125,103,2,145,14
240,20141024,119,109,6,125,14
240,20141025,121,83,21,152,10
240,20141026,126,95,1,154,13
240,20141027,128,91,5,167,14
240,20141028,91,75,20,108,1
240,20141029,114,94,2,136,11
240,20141030,128,108,24,157,14
240,20141031,131,99,6,161,15
240,20141101,144,106,7,182,14
240,20141102,142,116,7,168,14
240,20141103,121,98,24,139,13
240,20141104,87,52,24,110,13
240,20141105,65,38,22,93,15
240,20141106,54,32,6,78,13
240,20141107,78,46,2,95,16
240,20141108,98,79,2,123,13
240,20141109,99,76,7,130,14
240,20141110,95,63,24,126,13
240,20141111,92,57,2,129,13
240,20141112,94,45,24,121,14
240,20141113,84,46,5,129,13
240,20141114,98,67,2,120,13
240,20141115,95,67,23,108,14
240,20141116,86,68,5,100,14
240,20141117,96,76,4,120,12
240,20141118,81,75,11,89,1
240,20141119,81,74,24,88,11
240,20141120,71,62,24,79,13
240,20141121,57,27,6,80,14
240,20141122,83,41,2,121,15
240,20141123,106,85,8,132,14
240,20141124,73,24,24,118,13
240,20141125,51,8,5,88,13
240,20141126,51,29,6,63,17
240,20141127,74,59,1,90,13
240,20141128,65,32,24,92,14
240,20141129,30,17,7,55,14
240,20141130,24,17,7,32,22
240,20141201,15,10,24,22,1
240,20141202,12,3,5,23,23
240,20141203,-1,-26,23,25,7
240,20141204,-1,-25,1,14,24
240,20141205,37,13,1,54,21
240,20141206,44,4,23,89,13
240,20141207,45,3,2,75,17
240,20141208,47,18,20,80,11
240,20141209,33,-22,7,67,13
240,20141210,74,51,2,93,11
240,20141211,73,50,12,85,21
240,20141212,73,49,24,92,13
240,20141213,47,4,24,74,13
240,20141214,27,-6,5,55,12
240,20141215,58,38,1,89,13
240,20141216,53,16,22,82,12
240,20141217,84,45,1,112,23
240,20141218,116,100,1,131,15
240,20141219,93,72,16,123,2
240,20141220,78,60,23,92,14
240,20141221,83,35,6,112,24
240,20141222,116,109,22,127,10
240,20141223,111,102,23,123,13
240,20141224,83,58,17,104,9
240,20141225,54,16,23,84,12
240,20141226,27,-12,9,51,13
240,20141227,15,-6,24,30,1
240,20141228,7,-24,17,50,24
240,20141229,47,21,19,73,12
240,20141230,55,23,8,68,11
240,20141231,57,27,19,83,12
240,20150101,35,9,3,55,24
240,20150102,76,52,1,106,7
240,20150103,46,31,23,66,1
240,20150104,35,-9,22,79,13
240,20150105,29,0,2,39,6
240,20150106,32,7,9,68,23
240,20150107,42,11,7,73,13
240,20150108,68,42,1,87,12
240,20150109,98,59,3,124,23
240,20150110,92,52,22,123,1
240,20150111,66,49,2,82,22
240,20150112,90,77,3,107,17
240,20150113,83,52,24,100,5
240,20150114,44,21,19,62,4
240,20150115,77,50,1,101,9
240,20150116,51,20,23,84,13
240,20150117,27,-11,5,63,13
240,20150118,25,12,20,36,13
240,20150119,2,-16,9,19,1
240,20150120,6,-16,21,36,15
240,20150121,-3,-30,24,16,13
240,20150122,-8,-28,24,13,18
240,20150123,-29,-63,4,7,10
240,20150124,24,-8,1,69,14
240,20150125,45,-3,1,68,14
240,20150126,66,32,24,86,14
240,20150127,55,29,1,76,13
240,20150128,52,21,15,76,15
240,20150129,30,-1,24,55,10
240,20150130,13,-25,5,41,13
240,20150131,15,-19,23,50,15
240,20150201,29,-14,1,60,15
240,20150202,25,5,20,62,13
240,20150203,13,-20,24,64,15
240,20150204,-1,-48,24,60,13
240,20150205,-1,-40,1,23,12
240,20150206,0,-14,8,21,13
240,20150207,24,-50,6,64,14
240,20150208,51,16,18,74,13
240,20150209,59,40,2,72,12
240,20150210,58,36,6,72,11
240,20150211,43,31,24,53,1
240,20150212,36,28,24,45,14
240,20150213,55,7,7,99,15
240,20150214,69,52,8,95,14
240,20150215,25,-20,23,76,1
240,20150216,13,-36,4,73,15
240,20150217,39,-14,23,87,14
240,20150218,25,-28,6,86,13
240,20150219,37,-12,5,83,14
240,20150220,52,37,24,68,12
240,20150221,31,1,24,61,13
240,20150222,30,-18,5,76,13
240,20150223,60,32,1,91,13
240,20150224,55,17,23,89,15
240,20150225,42,-2,6,75,11
240,20150226,62,39,1,85,20
240,20150227,43,-4,24,79,14
240,20150228,52,-4,1,97,14
240,20150301,79,51,24,103,13
240,20150302,52,13,19,80,12
240,20150303,47,24,20,71,15
240,20150304,54,36,24,73,13
240,20150305,54,-3,4,96,12
240,20150306,64,24,23,96,14
240,20150307,77,36,3,136,14
240,20150308,82,23,7,139,13
240,20150309,80,23,7,119,14
240,20150310,71,9,24,109,14
240,20150311,38,-28,7,99,14
240,20150312,63,-15,4,131,15
240,20150313,48,10,6,87,13
240,20150314,42,17,3,56,19
240,20150315,57,45,8,67,12
240,20150316,68,28,6,114,17
240,20150317,83,12,5,154,14
240,20150318,55,19,5,75,12
240,20150319,77,45,24,127,14
240,20150320,49,17,22,86,14
240,20150321,65,42,1,101,14
240,20150322,45,12,23,83,15
240,20150323,34,-18,6,94,14
240,20150324,54,-5,3,106,12
240,20150325,59,35,24,73,13
240,20150326,47,-3,4,79,20
240,20150327,59,6,24,87,15
240,20150328,71,6,1,107,16
240,20150329,89,67,24,114,15
240,20150330,70,57,22,91,13
240,20150331,85,55,23,107,15
240,20150401,67,39,11,94,14
240,20150402,62,41,6,91,14
240,20150403,71,43,6,99,13
240,20150404,52,10,24,97,13
240,20150405,50,-16,4,111,13
240,20150406,75,28,24,125,15
240,20150407,65,16,3,117,12
240,20150408,83,52,5,142,14
240,20150409,105,45,1,163,17
240,20150410,113,36,5,192,15
240,20150411,89,32,24,135,12
240,20150412,97,25,5,157,16
240,20150413,79,43,5,119,13
240,20150414,107,40,3,179,13
240,20150415,127,64,6,207,13
240,20150416,96,69,1,126,14
240,20150417,85,48,24,123,14
240,20150418,88,37,24,145,14
240,20150419,82,14,3,139,16
240,20150420,111,59,3,163,13
240,20150421,99,28,4,163,11
240,20150422,84,28,4,113,12
240,20150423,96,59,24,150,15
240,20150424,118,36,2,188,15
240,20150425,120,82,22,150,16
240,20150426,98,75,24,116,2
240,20150427,74,8,24,128,11
240,20150428,67,7,2,115,10
240,20150429,84,35,3,142,12
240,20150430,90,38,1,135,12
240,20150501,85,45,5,131,14
240,20150502,96,30,3,151,15
240,20150503,124,75,3,167,17
240,20150504,149,117,1,185,13
240,20150505,153,106,21,223,11
240,20150506,121,87,12,156,11
240,20150507,119,85,22,153,14
240,20150508,139,82,3,190,14
240,20150509,128,73,24,162,13
240,20150510,126,48,5,186,16
240,20150511,168,118,3,250,13
240,20150512,141,116,24,169,11
240,20150513,118,69,24,167,12
240,20150514,113,79,4,153,15
240,20150515,93,55,23,144,14
240,20150516,110,64,1,149,13
240,20150517,117,74,4,158,13
240,20150518,107,77,23,137,18
240,20150519,106,69,3,145,12
240,20150520,100,60,5,145,13
240,20150521,122,54,3,160,13
240,20150522,144,120,3,194,13
240,20150523,121,57,24,160,14
240,20150524,122,37,4,179,13
240,20150525,120,91,22,149,11
240,20150526,118,78,3,156,14
240,20150527,133,72,2,182,11
240,20150528,129,78,23,159,15
240,20150529,113,82,24,147,14
240,20150530,115,85,1,146,14
240,20150531,123,86,24,157,11
240,20150601,126,60,4,164,14
240,20150602,144,112,6,169,20
240,20150603,140,79,24,177,14
240,20150604,155,75,1,211,15
240,20150605,205,120,4,310,15
240,20150606,149,106,23,177,14
240,20150607,133,80,23,176,12
240,20150608,126,88,1,170,13
240,20150609,117,96,2,142,15
240,20150610,151,98,4,208,14
240,20150611,176,112,4,232,15
240,20150612,207,134,2,266,14
240,20150613,165,134,24,197,14
240,20150614,144,123,23,173,13
240,20150615,130,75,24,175,15
240,20150616,124,67,4,168,17
240,20150617,160,80,3,225,13
240,20150618,136,119,20,160,1
240,20150619,133,107,24,168,13
240,20150620,131,99,4,167,13
240,20150621,146,119,24,188,13
240,20150622,130,91,23,175,12
240,20150623,127,93,2,149,10
240,20150624,160,119,3,213,13
240,20150625,180,119,4,228,13
240,20150626,202,142,4,247,17
240,20150627,170,123,23,208,13
240,20150628,177,113,3,233,13
240,20150629,182,125,24,228,12
240,20150630,206,117,4,264,14
240,20150701,261,166,4,330,16
240,20150702,244,192,24,302,11
240,20150703,238,175,5,289,15
240,20150704,239,176,23,309,11
240,20150705,197,158,23,277,12
240,20150706,183,135,24,219,12
240,20150707,197,131,4,253,14
240,20150708,159,120,24,195,16
240,20150709,136,95,23,179,13
240,20150710,172,89,4,233,16
240,20150711,201,152,5,274,13
240,20150712,180,166,2,199,10
240,20150713,179,168,22,200,12
240,20150714,178,144,22,213,13
240,20150715,174,156,23,202,16
240,20150716,191,129,4,235,15
240,20150717,212,177,24,253,13
240,20150718,178,134,21,214,12
240,20150719,161,112,24,207,15
240,20150720,179,98,5,212,13
240,20150721,199,152,24,243,16
240,20150722,190,148,1,229,16
240,20150723,174,141,24,215,15
240,20150724,189,134,1,230,16
240,20150725,150,111,24,182,8
240,20150726,148,89,2,211,12
240,20150727,169,144,1,200,16
240,20150728,158,127,24,189,16
240,20150729,145,105,4,175,11
240,20150730,139,94,24,181,14
240,20150731,139,75,3,195,15
240,20150801,158,85,4,211,12
240,20150802,182,106,2,240,15
240,20150803,208,148,4,283,12
240,20150804,179,142,24,210,14
240,20150805,191,121,4,249,15
240,20150806,199,145,24,267,11
240,20150807,194,140,5,247,15
240,20150808,184,135,24,223,16
240,20150809,191,121,5,248,15
240,20150810,195,166,23,236,13
240,20150811,199,162,2,243,13
240,20150812,192,172,24,217,15
240,20150813,216,158,4,269,16
240,20150814,212,178,24,253,16
240,20150815,179,155,24,216,10
240,20150816,157,128,22,184,15
240,20150817,145,129,1,156,24
240,20150818,151,137,24,174,16
240,20150819,171,137,2,224,14
240,20150820,188,131,5,255,16
240,20150821,204,151,3,251,14
240,20150822,214,169,5,265,13
240,20150823,201,163,6,262,14
240,20150824,177,140,5,226,16
240,20150825,168,141,20,201,13
240,20150826,196,163,2,250,14
240,20150827,158,138,23,183,1
240,20150828,159,118,24,206,15
240,20150829,174,110,5,230,15
240,20150830,197,159,1,238,15
240,20150831,203,165,24,250,13
240,20150901,157,118,24,190,13
240,20150902,140,102,2,187,12
240,20150903,129,88,2,168,15
240,20150904,139,119,2,159,11
240,20150905,137,110,21,170,11
240,20150906,132,108,3,168,13
240,20150907,143,122,24,182,14
240,20150908,143,98,24,172,15
240,20150909,141,90,6,186,15
240,20150910,148,100,5,196,14
240,20150911,146,96,6,194,14
240,20150912,158,123,1,198,13
240,20150913,163,117,6,191,13
240,20150914,141,114,24,188,11
240,20150915,121,95,5,154,11
240,20150916,150,105,1,189,14
240,20150917,140,105,23,158,9
240,20150918,136,99,6,177,13
240,20150919,137,98,2,177,12
240,20150920,140,85,4,185,12
240,20150921,146,116,3,187,13
240,20150922,128,92,22,178,12
240,20150923,133,90,6,172,12
240,20150924,130,116,21,151,13
240,20150925,125,79,6,172,12
240,20150926,118,57,6,173,13
240,20150927,123,64,5,173,12
240,20150928,123,71,4,172,13
240,20150929,126,77,4,174,15
240,20150930,131,85,6,175,14
240,20151001,120,70,24,166,13
240,20151002,118,50,7,169,13
240,20151003,118,69,6,178,15
240,20151004,112,73,24,174,14
240,20151005,131,76,1,170,14
240,20151006,155,132,2,188,14
240,20151007,148,137,4,163,13
240,20151008,133,108,20,158,10
240,20151009,121,75,6,165,13
240,20151010,116,67,24,145,13
240,20151011,73,42,6,116,13
240,20151012,54,14,6,101,15
240,20151013,64,44,7,81,17
240,20151014,65,43,24,90,10
240,20151015,72,43,1,89,23
240,20151016,84,70,7,100,21
240,20151017,90,74,24,102,10
240,20151018,91,25,6,118,16
240,20151019,110,61,23,137,13
240,20151020,97,61,22,132,12
240,20151021,102,52,2,121,11
240,20151022,121,77,24,152,11
240,20151023,115,77,1,140,12
240,20151024,117,99,6,135,13
240,20151025,97,46,23,138,12
240,20151026,110,63,2,161,13
240,20151027,115,71,6,171,15
240,20151028,108,61,5,133,14
240,20151029,108,76,22,155,15
240,20151030,104,74,1,151,14
240,20151031,97,60,24,147,14
240,20151101,74,36,5,127,15
240,20151102,86,46,8,154,14
240,20151103,97,29,7,156,15
240,20151104,121,88,2,146,15
240,20151105,131,107,8,151,19
240,20151106,152,139,7,171,21
240,20151107,159,138,23,182,16
240,20151108,128,65,6,174,23
240,20151109,136,124,18,160,1
240,20151110,146,136,24,157,9
240,20151111,130,121,8,139,13
240,20151112,133,114,19,157,11
240,20151113,113,68,15,137,6
240,20151114,101,84,5,141,24
240,20151115,143,131,24,149,12
240,20151116,126,109,24,137,3
240,20151117,133,104,2,155,19
240,20151118,128,103,7,143,14
240,20151119,113,88,18,133,2
240,20151120,80,36,22,101,1
240,20151121,50,26,22,73,14
240,20151122,27,3,20,59,12
240,20151123,35,-15,5,75,13
240,20151124,49,36,9,70,22
240,20151125,64,30,24,83,12
240,20151126,50,18,6,97,14
240,20151127,57,31,3,73,13
240,20151128,70,53,1,85,24
240,20151129,105,77,7,125,17
240,20151130,93,66,12,123,21
240,20151201,98,60,6,128,20
240,20151202,106,94,22,120,1
240,20151203,95,83,23,110,12
240,20151204,95,79,8,110,13
240,20151205,81,74,17,93,1
240,20151206,107,80,2,125,23
240,20151207,107,93,23,122,1
240,20151208,96,79,24,113,13
240,20151209,77,53,7,101,13
240,20151210,65,55,22,76,14
240,20151211,77,61,1,98,16
240,20151212,82,39,9,121,24
240,20151213,70,45,8,117,1
240,20151214,72,48,22,98,13
240,20151215,72,44,5,94,23
240,20151216,116,91,1,134,15
240,20151217,128,110,16,144,14
240,20151218,114,96,24,131,11
240,20151219,121,95,1,136,13
240,20151220,114,95,7,125,22
240,20151221,99,80,6,122,22
240,20151222,123,78,1,137,12
240,20151223,100,71,17,127,1
240,20151224,94,66,6,127,14
240,20151225,92,45,5,138,24
240,20151226,129,110,23,148,14
240,20151227,118,105,7,134,15
240,20151228,91,66,8,116,14
240,20151229,76,54,8,98,15
240,20151230,74,59,6,94,14
240,20151231,76,51,21,99,13
240,20160101,52,11,9,80,12
240,20160102,56,46,9,65,24
240,20160103,70,53,23,85,8
240,20160104,59,43,4,72,13
240,20160105,66,44,24,77,15
240,20160106,26,18,17,44,1
240,20160107,60,28,1,83,18
240,20160108,56,7,24,90,14
240,20160109,55,8,1,74,17
240,20160110,65,44,24,86,13
240,20160111,50,24,7,72,20
240,20160112,65,51,17,83,12
240,20160113,47,14,20,72,1
240,20160114,35,15,15,59,12
240,20160115,22,-15,24,43,14
240,20160116,30,-3,1,59,14
240,20160117,-8,-46,21,25,14
240,20160118,-29,-61,5,-2,13
240,20160119,-16,-63,4,23,18
240,20160120,20,-33,24,52,11
240,20160121,-10,-43,3,10,15
240,20160122,13,-20,6,73,24
240,20160123,72,33,9,100,12
240,20160124,80,51,5,112,20
240,20160125,104,81,7,133,14
240,20160126,88,41,6,111,13
240,20160127,107,83,24,117,20
240,20160128,64,43,8,86,13
240,20160129,92,60,1,109,15
240,20160130,74,50,17,97,8
240,20160131,71,45,6,104,21
240,20160201,113,103,1,122,21
240,20160202,87,64,24,108,1
240,20160203,51,25,24,74,12
240,20160204,57,25,1,79,13
240,20160205,88,51,1,108,15
240,20160206,94,84,5,104,24
240,20160207,83,61,19,117,3
240,20160208,85,66,1,99,14
240,20160209,56,39,24,79,1
240,20160210,52,26,24,78,10
240,20160211,40,-2,24,85,14
240,20160212,24,-13,24,59,15
240,20160213,17,-17,3,40,12
240,20160214,24,9,13,32,24
240,20160215,27,-26,24,62,11
240,20160216,2,-54,7,59,13
240,20160217,-10,-48,4,29,14
240,20160218,10,-29,3,27,13
240,20160219,37,-21,8,87,15
240,20160220,83,50,2,106,21
240,20160221,104,85,1,118,13
240,20160222,66,22,24,107,1
240,20160223,40,6,23,84,14
240,20160224,21,-12,6,70,14
240,20160225,17,-15,6,60,11
240,20160226,18,-5,24,54,14
240,20160227,27,-7,7,61,14
240,20160228,28,-10,6,65,15
240,20160229,23,-20,24,68,12
240,20160301,30,-37,2,87,24
240,20160302,52,10,22,87,1
240,20160303,36,1,7,85,13
240,20160304,17,-21,24,33,17
240,20160305,21,-37,5,75,13
240,20160306,26,-18,6,72,13
240,20160307,29,-4,6,71,14
240,20160308,38,-3,2,78,11
240,20160309,51,25,24,82,14
240,20160310,43,-8,7,87,14
240,20160311,29,6,23,55,15
240,20160312,37,-15,6,97,14
240,20160313,39,-10,4,86,14
240,20160314,41,-4,4,91,16
240,20160315,52,-9,4,86,17
240,20160316,49,11,6,96,15
240,20160317,60,14,1,110,15
240,20160318,56,28,1,72,14
240,20160319,64,52,7,83,14
240,20160320,67,44,2,96,10
240,20160321,71,57,23,91,15
240,20160322,76,46,3,104,10
240,20160323,77,64,1,102,15
240,20160324,79,61,7,109,14
240,20160325,66,9,24,101,16
240,20160326,94,4,1,149,16
240,20160327,85,62,20,134,15
240,20160328,92,71,23,121,14
240,20160329,82,59,2,118,15
240,20160330,80,52,23,110,12
240,20160331,78,46,2,122,14
240,20160401,82,23,6,134,14
240,20160402,106,74,4,129,13
240,20160403,145,120,24,192,17
240,20160404,125,96,24,150,16
240,20160405,99,54,24,124,12
240,20160406,83,47,3,116,10
240,20160407,77,62,10,101,14
240,20160408,77,28,24,126,14
240,20160409,98,36,4,153,14
240,20160410,103,59,6,139,14
240,20160411,136,84,5,185,14
240,20160412,114,68,23,164,16
240,20160413,103,52,3,158,14
240,20160414,111,47,5,166,14
240,20160415,102,83,20,132,16
240,20160416,80,42,24,113,10
240,20160417,64,25,5,119,13
240,20160418,90,26,3,127,11
240,20160419,93,40,24,134,13
240,20160420,81,18,4,127,15
240,20160421,96,36,5,148,16
240,20160422,86,58,4,119,14
240,20160423,63,27,24,102,12
240,20160424,44,14,4,86,14
240,20160425,49,9,2,88,15
240,20160426,52,27,1,80,14
240,20160427,58,29,23,99,13
240,20160428,53,4,4,89,15
240,20160429,77,46,7,116,16
240,20160430,73,19,24,110,13
240,20160501,80,8,4,141,16
240,20160502,112,22,2,172,13
240,20160503,95,55,24,131,14
240,20160504,106,32,4,162,15
240,20160505,135,57,2,188,15
240,20160506,171,101,5,233,16
240,20160507,201,110,4,260,13
240,20160508,208,154,4,257,15
240,20160509,205,153,4,251,14
240,20160510,190,158,4,222,15
240,20160511,202,158,5,254,14
240,20160512,201,153,4,251,14
240,20160513,149,83,24,209,11
240,20160514,86,67,20,122,12
240,20160515,84,50,24,122,14
240,20160516,93,48,1,135,15
240,20160517,124,76,1,173,14
240,20160518,129,81,4,179,13
240,20160519,133,100,22,174,13
240,20160520,137,109,24,175,14
240,20160521,174,109,1,228,16
240,20160522,147,122,24,187,1
240,20160523,119,103,23,136,12
240,20160524,113,97,21,145,12
240,20160525,116,81,24,146,14
240,20160526,136,69,4,182,15
240,20160527,157,111,3,201,14
240,20160528,177,118,4,229,15
240,20160529,171,146,4,204,13
240,20160530,161,144,8,198,14
240,20160531,190,152,24,228,13
240,20160601,188,141,5,244,14
240,20160602,138,123,21,154,1
240,20160603,152,125,2,193,14
240,20160604,205,116,4,270,15
240,20160605,190,128,24,244,15
240,20160606,181,125,2,238,15
240,20160607,194,148,24,248,14
240,20160608,157,125,24,207,12
240,20160609,145,108,23,193,12
240,20160610,160,109,3,203,15
240,20160611,159,123,4,199,15
240,20160612,171,138,1,219,13
240,20160613,156,140,21,187,12
240,20160614,152,117,24,186,15
240,20160615,142,111,4,174,12
240,20160616,159,111,4,203,12
240,20160617,154,116,24,198,16
240,20160618,139,107,4,176,14
240,20160619,155,120,3,196,15
240,20160620,155,138,22,165,17
240,20160621,165,126,24,209,14
240,20160622,198,123,3,250,16
240,20160623,210,179,6,271,17
240,20160624,185,130,24,216,13
240,20160625,154,118,23,189,10
240,20160626,158,119,3,193,13
240,20160627,155,124,21,184,16
240,20160628,161,98,3,210,16
240,20160629,160,129,1,210,15
240,20160630,161,143,3,190,15
240,20160701,163,142,24,179,13
240,20160702,155,122,24,182,14
240,20160703,154,103,4,194,12
240,20160704,174,100,4,229,15
240,20160705,154,122,22,178,13
240,20160706,149,98,3,189,13
240,20160707,170,103,3,221,13
240,20160708,172,140,1,214,16
240,20160709,192,136,5,237,16
240,20160710,202,156,3,255,12
240,20160711,185,160,4,218,15
240,20160712,173,121,24,218,14
240,20160713,152,112,24,194,15
240,20160714,149,101,2,190,11
240,20160715,168,108,4,212,12
240,20160716,194,173,2,219,15
240,20160717,193,153,24,231,14
240,20160718,200,141,24,250,12
240,20160719,227,129,3,289,14
240,20160720,247,180,24,330,14
240,20160721,206,173,2,254,12
240,20160722,212,173,4,258,15
240,20160723,212,181,24,256,14
240,20160724,204,166,24,246,13
240,20160725,185,140,24,222,13
240,20160726,192,138,4,239,13
240,20160727,180,161,24,210,11
240,20160728,186,148,3,224,11
240,20160729,186,158,3,212,16
240,20160730,184,162,24,223,14
240,20160731,166,132,23,202,15
240,20160801,170,139,4,206,11
240,20160802,168,134,7,186,15
240,20160803,192,174,22,216,11
240,20160804,182,145,24,213,15
240,20160805,173,139,4,212,15
240,20160806,170,130,22,217,10
240,20160807,187,132,1,235,15
240,20160808,173,128,23,199,10
240,20160809,143,113,5,183,14
240,20160810,130,88,24,175,14
240,20160811,147,91,1,170,23
240,20160812,186,155,24,219,17
240,20160813,178,147,4,205,11
240,20160814,169,113,24,213,14
240,20160815,166,100,3,215,14
240,20160816,169,127,2,208,13
240,20160817,178,128,23,227,13
240,20160818,179,113,3,229,15
240,20160819,184,115,5,240,13
240,20160820,181,147,6,225,14
240,20160821,170,137,8,203,16
240,20160822,183,159,4,218,16
240,20160823,213,153,5,270,15
240,20160824,239,173,5,304,15
240,20160825,247,171,6,309,15
240,20160826,209,173,23,242,14
240,20160827,211,170,2,250,14
240,20160828,202,179,24,230,10
240,20160829,172,120,24,211,14
240,20160830,172,109,4,230,14
240,20160831,184,111,5,246,13
240,20160901,180,129,24,222,11
240,20160902,174,126,2,214,12
240,20160903,187,163,2,222,12
240,20160904,181,161,21,208,9
240,20160905,175,135,22,218,14
240,20160906,186,144,6,228,11
240,20160907,200,141,5,261,13
240,20160908,200,144,3,270,14
240,20160909,180,127,5,229,14
240,20160910,195,131,5,255,13
240,20160911,191,161,5,217,15
240,20160912,218,179,2,276,14
240,20160913,242,182,6,305,14
240,20160914,237,185,6,310,15
240,20160915,220,168,5,276,16
240,20160916,178,152,24,212,15
240,20160917,175,143,4,214,12
240,20160918,173,148,23,205,13
240,20160919,161,131,4,194,13
240,20160920,157,111,6,200,13
240,20160921,159,103,24,209,13
240,20160922,158,104,1,208,16
240,20160923,146,94,23,194,11
240,20160924,163,100,1,234,14
240,20160925,161,116,24,231,13
240,20160926,143,96,24,186,13
240,20160927,151,77,6,208,14
240,20160928,183,158,1,210,12
240,20160929,158,134,24,178,11
240,20160930,141,108,23,186,12
240,20161001,131,89,6,186,15
240,20161002,124,96,6,150,15
240,20161003,147,121,3,189,12
240,20161004,134,103,4,176,14
240,20161005,105,73,24,139,13
240,20161006,105,53,5,136,13
240,20161007,125,110,4,149,14
240,20161008,113,64,24,148,13
240,20161009,90,36,6,150,15
240,20161010,88,51,1,136,13
240,20161011,93,25,6,137,15
240,20161012,94,75,20,111,12
240,20161013,91,79,24,108,15
240,20161014,98,75,7,124,15
240,20161015,110,90,3,142,13
240,20161016,134,94,7,190,14
240,20161017,127,87,24,167,13
240,20161018,104,77,24,129,11
240,20161019,99,62,19,131,13
240,20161020,96,65,24,130,11
240,20161021,82,19,4,141,14
240,20161022,69,21,23,104,12
240,20161023,58,5,5,120,14
240,20161024,78,48,1,92,12
240,20161025,90,77,19,102,13
240,20161026,101,45,7,134,14
240,20161027,118,79,5,148,13
240,20161028,132,82,22,155,11
240,20161029,98,53,6,156,13
240,20161030,94,55,5,144,14
240,20161031,97,45,7,159,13
240,20161101,92,56,7,147,13
240,20161102,74,33,22,121,14
240,20161103,74,28,1,120,11
240,20161104,79,68,24,98,13
240,20161105,74,42,7,111,11
240,20161106,68,26,23,103,12
240,20161107,49,8,24,69,6
240,20161108,16,-24,5,46,13
240,20161109,32,6,5,44,14
240,20161110,42,25,8,52,12
240,20161111,26,-21,24,61,12
240,20161112,24,-18,1,52,13
240,20161113,36,-3,24,53,14
240,20161114,37,-12,2,76,21
240,20161115,112,76,1,134,11
240,20161116,120,92,24,141,12
240,20161117,91,68,8,113,20
240,20161118,62,30,22,88,1
240,20161119,55,42,1,87,12
240,20161120,77,47,1,107,12
240,20161121,116,73,1,138,13
240,20161122,102,53,24,130,13
240,20161123,83,48,2,107,14
240,20161124,69,39,24,88,1
240,20161125,44,8,22,71,13
240,20161126,24,-24,8,73,14
240,20161127,69,27,24,97,13
240,20161128,10,-23,24,48,12
240,20161129,-14,-56,8,44,14
240,20161130,36,-50,1,96,13
240,20161201,91,61,1,102,11
240,20161202,63,-6,24,96,2
240,20161203,16,-26,4,79,13
240,20161204,-5,-38,24,42,14
240,20161205,-10,-49,7,40,14
240,20161206,11,-41,2,54,14
240,20161207,61,29,1,90,16
240,20161208,79,56,4,112,24
240,20161209,94,70,22,110,1
240,20161210,81,56,6,96,22
240,20161211,86,58,24,106,1
240,20161212,56,13,7,81,15
240,20161213,66,56,1,75,24
240,20161214,74,57,23,87,14
240,20161215,64,51,24,76,18
240,20161216,54,33,18,78,14
240,20161217,65,31,3,91,12
240,20161218,58,19,22,102,13
240,20161219,50,13,24,84,13
240,20161220,1,-29,6,37,13
240,20161221,42,-7,3,66,15
240,20161222,56,33,17,77,13
240,20161223,60,30,3,85,24
240,20161224,86,72,8,99,21
240,20161225,106,88,1,124,19
240,20161226,82,61,19,116,1
240,20161227,65,23,24,92,13
240,20161228,10,-17,24,33,18
240,20161229,-18,-34,24,-3,2
240,20161230,4,-33,1,41,20
240,20161231,37,27,24,49,15
240,20170101,16,0,15,32,3
240,20170102,32,-1,7,67,11
240,20170103,57,16,1,74,23
240,20170104,59,24,23,76,2
240,20170105,3,-43,22,40,12
240,20170106,-25,-59,8,-2,23
240,20170107,7,-13,3,35,23
240,20170108,44,11,8,72,14
240,20170109,54,39,4,66,21
240,20170110,57,31,5,74,14
240,20170111,72,49,1,98,11
240,20170112,53,2,24,79,12
240,20170113,37,2,1,62,18
240,20170114,25,0,24,49,1
240,20170115,11,-33,7,36,12
240,20170116,-8,-50,23,33,13
240,20170117,-35,-67,24,4,16
240,20170118,-34,-62,1,-16,15
240,20170119,-14,-57,6,48,14
240,20170120,3,-51,5,48,13
240,20170121,4,-49,24,46,14
240,20170122,-16,-69,8,37,14
240,20170123,0,-63,2,32,21
240,20170124,13,-3,11,31,3
240,20170125,-9,-41,22,7,13
240,20170126,-25,-48,8,-1,14
240,20170127,8,-42,3,47,24
240,20170128,57,24,4,94,14
240,20170129,44,29,1,61,14
240,20170130,50,31,18,71,9
240,20170131,40,31,2,57,12
240,20170201,37,4,7,64,24
240,20170202,89,57,5,129,15
240,20170203,84,62,21,114,13
240,20170204,54,25,6,72,14
240,20170205,40,16,6,61,15
240,20170206,44,16,5,62,13
240,20170207,24,9,23,41,1
240,20170208,-1,-9,24,9,1
240,20170209,-14,-20,22,-8,1
240,20170210,-22,-40,5,-15,18
240,20170211,-4,-16,1,8,15
240,20170212,3,-13,1,20,15
240,20170213,16,-15,7,53,15
240,20170214,37,-3,7,89,15
240,20170215,68,11,7,129,15
240,20170216,62,30,1,95,14
240,20170217,69,51,24,82,13
240,20170218,43,17,24,88,15
240,20170219,64,20,1,101,14
240,20170220,91,73,1,110,23
240,20170221,91,71,7,106,14
240,20170222,89,73,15,101,10
240,20170223,77,41,22,105,13
240,20170224,44,-1,23,82,13
240,20170225,58,11,1,87,20
240,20170226,87,69,7,106,21
240,20170227,83,43,24,102,3
240,20170228,44,21,6,66,11
240,20170301,61,36,1,89,13
240,20170302,63,28,24,84,14
240,20170303,58,12,3,89,22
240,20170304,86,60,1,131,13
240,20170305,68,41,24,110,13
240,20170306,59,25,3,100,14
240,20170307,66,41,24,90,14
240,20170308,59,21,24,101,14
240,20170309,73,11,3,122,13
240,20170310,66,-5,6,116,12
240,20170311,77,25,3,125,15
240,20170312,89,44,6,152,16
240,20170313,63,5,6,123,14
240,20170314,81,33,3,136,11
240,20170315,89,43,22,135,15
240,20170316,99,28,6,165,14
240,20170317,81,65,8,105,14
240,20170318,91,76,20,115,10
240,20170319,113,95,1,136,14
240,20170320,103,82,24,113,14
240,20170321,71,29,24,95,12
240,20170322,71,12,6,128,14
240,20170323,82,19,5,132,15
240,20170324,86,48,6,132,14
240,20170325,87,39,5,135,14
240,20170326,81,54,6,115,15
240,20170327,104,24,5,179,14
240,20170328,117,34,5,199,14
240,20170329,124,105,5,144,14
240,20170330,157,96,6,215,14
240,20170331,138,80,23,219,13
240,20170401,101,58,5,138,14
240,20170402,100,50,4,158,12
240,20170403,91,52,24,132,16
240,20170404,99,45,3,166,14
240,20170405,90,54,1,123,11
240,20170406,80,48,5,117,13
240,20170407,106,76,1,147,12
240,20170408,102,50,23,153,15
240,20170409,127,45,4,203,16
240,20170410,92,39,24,132,1
240,20170411,98,38,1,135,13
240,20170412,99,70,24,115,12
240,20170413,87,43,23,124,13
240,20170414,99,42,1,134,14
240,20170415,93,53,24,116,10
240,20170416,77,47,1,108,15
240,20170417,67,27,24,112,12
240,20170418,64,17,2,110,14
240,20170419,51,3,4,94,16
240,20170420,75,0,4,121,14
240,20170421,108,74,24,137,12
240,20170422,78,40,24,114,13
240,20170423,71,28,5,114,14
240,20170424,92,60,2,124,12
240,20170425,60,29,24,99,14
240,20170426,57,-2,4,110,14
240,20170427,69,4,3,106,14
240,20170428,78,43,4,118,14
240,20170429,82,21,2,137,12
240,20170430,130,52,5,192,15
240,20170501,119,92,21,144,15
240,20170502,113,79,24,154,15
240,20170503,109,79,1,143,18
240,20170504,106,86,6,128,14
240,20170505,94,78,5,111,13
240,20170506,124,67,3,175,16
240,20170507,111,85,23,156,14
240,20170508,98,38,24,154,13
240,20170509,86,29,4,132,13
240,20170510,93,38,4,143,17
240,20170511,157,54,3,230,14
240,20170512,154,123,23,204,17
240,20170513,139,92,24,182,12
240,20170514,138,86,23,202,11
240,20170515,149,73,2,206,14
240,20170516,201,159,4,258,14
240,20170517,223,161,3,285,16
240,20170518,152,130,6,207,1
240,20170519,129,97,24,164,4
240,20170520,134,90,4,175,12
240,20170521,144,72,3,199,14
240,20170522,180,97,3,241,15
240,20170523,154,115,23,190,12
240,20170524,155,100,24,211,12
240,20170525,172,91,4,222,12
240,20170526,204,122,4,256,15
240,20170527,223,165,4,306,16
240,20170528,189,146,2,234,15
240,20170529,207,153,3,269,13
240,20170530,172,155,24,194,15
240,20170531,166,113,24,208,12
240,20170601,170,87,4,229,16
240,20170602,203,126,4,250,12
240,20170603,177,135,23,221,12
240,20170604,154,111,23,190,8
240,20170605,170,114,1,212,14
240,20170606,144,112,18,178,1
240,20170607,143,121,9,182,16
240,20170608,163,121,5,225,16
240,20170609,161,128,23,191,16
240,20170610,180,118,4,236,17
240,20170611,197,129,4,269,13
240,20170612,163,145,3,191,14
240,20170613,162,114,24,201,13
240,20170614,181,102,3,238,15
240,20170615,198,147,3,256,12
240,20170616,161,133,22,184,11
240,20170617,186,149,24,229,13
240,20170618,214,124,3,274,14
240,20170619,242,168,3,298,15
240,20170620,211,158,24,252,12
240,20170621,207,139,4,264,16
240,20170622,216,165,24,284,11
240,20170623,186,163,4,214,12
240,20170624,181,164,8,201,16
240,20170625,173,158,14,196,17
240,20170626,161,120,24,195,14
240,20170627,175,114,3,225,12
240,20170628,179,145,23,225,11
240,20170629,171,137,24,209,14
240,20170630,164,121,3,196,13
240,20170701,163,131,21,204,13
240,20170702,158,106,24,195,13
240,20170703,172,105,2,222,11
240,20170704,182,135,3,228,15
240,20170705,190,132,3,239,13
240,20170706,204,133,4,268,15
240,20170707,198,164,24,248,11
240,20170708,181,115,24,230,12
240,20170709,178,99,4,229,14
240,20170710,192,154,24,250,13
240,20170711,182,153,24,211,16
240,20170712,155,122,22,192,16
240,20170713,153,99,3,197,15
240,20170714,153,106,3,196,11
240,20170715,173,111,4,221,16
240,20170716,182,160,1,206,12
240,20170717,180,128,5,226,15
240,20170718,195,129,4,244,16
240,20170719,229,179,3,301,14
240,20170720,191,144,24,234,15
240,20170721,184,126,3,222,15
240,20170722,192,145,24,246,11
240,20170723,163,133,24,202,16
240,20170724,156,116,4,193,14
240,20170725,165,123,2,202,14
240,20170726,186,130,1,235,15
240,20170727,182,164,24,211,13
240,20170728,177,158,1,210,13
240,20170729,185,164,1,231,12
240,20170730,183,142,22,216,10
240,20170731,182,133,2,222,12
240,20170801,182,128,4,229,16
240,20170802,183,154,1,218,14
240,20170803,191,170,2,221,14
240,20170804,186,162,24,215,12
240,20170805,165,119,24,205,11
240,20170806,163,107,5,211,13
240,20170807,165,111,2,216,13
240,20170808,166,129,22,195,11
240,20170809,169,126,24,209,12
240,20170810,164,106,4,204,15
240,20170811,167,132,5,205,14
240,20170812,170,120,24,216,12
240,20170813,163,113,2,207,15
240,20170814,184,126,3,244,15
240,20170815,181,142,24,216,16
240,20170816,174,112,4,230,16
240,20170817,175,151,1,202,18
240,20170818,171,127,23,210,15
240,20170819,160,126,1,193,15
240,20170820,163,127,4,196,12
240,20170821,164,120,3,213,15
240,20170822,182,133,6,232,14
240,20170823,197,137,5,253,14
240,20170824,182,137,24,211,10
240,20170825,177,125,4,224,14
240,20170826,186,129,5,240,11
240,20170827,186,119,6,246,14
240,20170828,195,137,4,259,15
240,20170829,210,150,5,276,13
240,20170830,168,134,24,200,10
240,20170831,148,98,24,196,13
240,20170901,147,89,4,188,11
240,20170902,144,89,3,193,15
240,20170903,146,74,6,204,15
240,20170904,170,112,1,216,14
240,20170905,186,165,1,222,13
240,20170906,160,133,13,187,11
240,20170907,162,139,1,193,12
240,20170908,149,126,21,168,16
240,20170909,141,102,22,182,12
240,20170910,144,99,4,187,12
240,20170911,141,120,21,177,12
240,20170912,149,128,24,175,12
240,20170913,147,121,22,176,15
240,20170914,127,99,24,159,10
240,20170915,126,92,5,167,12
240,20170916,116,87,24,136,15
240,20170917,119,60,5,163,13
240,20170918,122,84,3,169,14
240,20170919,127,95,5,171,15
240,20170920,143,106,1,180,14
240,20170921,144,109,6,187,14
240,20170922,123,72,24,172,16
240,20170923,122,63,3,184,14
240,20170924,135,69,5,190,14
240,20170925,146,102,1,180,13
240,20170926,139,109,22,159,15
240,20170927,143,84,3,196,15
240,20170928,159,128,24,193,13
240,20170929,168,128,1,228,14
240,20170930,135,82,22,162,15
240,20171001,140,94,3,171,11
240,20171002,157,139,24,176,10
240,20171003,139,118,4,168,13
240,20171004,136,122,5,158,11
240,20171005,133,114,22,158,8
240,20171006,118,101,7,147,11
240,20171007,127,103,3,151,16
240,20171008,127,112,23,153,11
240,20171009,125,107,1,145,14
240,20171010,145,121,7,164,13
240,20171011,148,136,23,160,12
240,20171012,135,104,24,159,13
240,20171013,152,107,1,188,12
240,20171014,152,108,23,195,12
240,20171015,160,109,2,215,14
240,20171016,182,134,2,234,14
240,20171017,129,82,23,156,1
240,20171018,143,106,1,178,14
240,20171019,160,115,4,203,13
240,20171020,135,107,24,167,1
240,20171021,129,108,1,173,13
240,20171022,115,99,3,136,12
240,20171023,128,108,18,152,15
240,20171024,154,132,1,169,15
240,20171025,141,93,22,173,14
240,20171026,138,113,1,168,13
240,20171027,117,95,19,145,12
240,20171028,130,106,1,154,20
240,20171029,104,56,23,151,1
240,20171030,83,46,6,121,13
240,20171031,110,78,1,130,21
240,20171101,116,89,24,139,13
240,20171102,97,48,24,149,12
240,20171103,95,47,3,136,13
240,20171104,108,86,7,133,13
240,20171105,76,51,17,107,11
240,20171106,60,11,21,105,12
240,20171107,42,-2,6,94,14
240,20171108,62,18,1,79,13
240,20171109,88,62,8,120,12
240,20171110,93,63,23,121,11
240,20171111,77,39,23,109,13
240,20171112,60,44,1,77,10
240,20171113,69,33,23,107,12
240,20171114,81,42,8,106,18
240,20171115,100,91,5,110,12
240,20171116,95,46,24,115,17
240,20171117,61,18,6,111,12
240,20171118,76,51,24,98,14
240,20171119,72,35,2,100,13
240,20171120,85,53,10,120,20
240,20171121,119,109,1,127,11
240,20171122,109,93,20,129,14
240,20171123,106,71,19,146,11
240,20171124,67,37,24,96,14
240,20171125,44,1,6,81,11
240,20171126,62,38,23,81,10
240,20171127,76,55,6,103,11
240,20171128,57,26,23,85,12
240,20171129,31,6,23,52,14
240,20171130,19,-22,24,46,11
240,20171201,4,-43,24,46,14
240,20171202,-2,-41,1,16,23
240,20171203,53,15,1,89,14
240,20171204,73,48,18,91,13
240,20171205,84,71,1,93,12
240,20171206,86,69,24,102,12
240,20171207,62,47,5,78,21
240,20171208,34,9,17,63,12
240,20171209,34,8,24,58,11
240,20171210,8,0,12,17,10
240,20171211,2,-36,4,18,23
240,20171212,19,4,21,50,12
240,20171213,37,8,1,65,21
240,20171214,35,4,4,65,14
240,20171215,23,-20,22,45,14
240,20171216,24,-13,5,64,13
240,20171217,27,-24,8,66,12
240,20171218,59,2,23,82,12
240,20171219,56,6,2,81,13
240,20171220,77,50,3,91,14
240,20171221,84,74,20,91,11
240,20171222,84,51,17,99,14
240,20171223,86,80,5,92,9
240,20171224,85,77,4,96,19
240,20171225,76,46,23,99,2
240,20171226,58,45,3,74,12
240,20171227,53,36,18,70,13
240,20171228,43,19,3,56,12
240,20171229,32,-4,6,73,21
240,20171230,87,39,3,118,18
240,20171231,104,80,24,131,12
240,20180101,68,56,24,83,1
240,20180102,66,37,3,94,24
240,20180103,86,58,6,114,3
240,20180104,81,69,14,109,16
240,20180105,61,33,17,79,14
240,20180106,46,15,9,70,12
240,20180107,15,-8,24,39,1
240,20180108,9,-13,3,35,15
240,20180109,28,-4,4,56,22
240,20180110,67,53,21,74,12
240,20180111,61,38,7,73,13
240,20180112,50,38,21,63,12
240,20180113,44,27,21,62,14
240,20180114,28,10,21,51,14
240,20180115,52,24,1,83,19
240,20180116,55,29,23,71,1
240,20180117,48,18,9,64,20
240,20180118,48,19,20,100,7
240,20180119,38,12,24,65,14
240,20180120,21,-10,6,37,15
240,20180121,34,3,8,70,12
240,20180122,61,23,1,82,11
240,20180123,79,32,4,112,24
240,20180124,107,70,20,138,13
240,20180125,71,42,23,95,12
240,20180126,50,24,5,85,14
240,20180127,52,7,4,83,24
240,20180128,99,79,7,112,19
240,20180129,86,33,24,111,13
240,20180130,44,17,18,80,13
240,20180131,66,27,19,97,5
240,20180201,43,23,8,64,13
240,20180202,42,-15,24,75,14
240,20180203,23,-14,1,46,11
240,20180204,22,4,1,44,14
240,20180205,13,-22,24,36,14
240,20180206,-15,-47,24,15,13
240,20180207,-10,-60,4,27,16
240,20180208,11,-28,7,57,15
240,20180209,5,-9,7,22,13
240,20180210,31,6,1,65,12
240,20180211,47,22,18,73,13
240,20180212,27,-1,24,57,12
240,20180213,19,-9,7,62,14
240,20180214,22,-20,7,61,15
240,20180215,44,4,2,98,15
240,20180216,37,-25,24,79,13
240,20180217,21,-21,2,77,14
240,20180218,17,-29,5,74,14
240,20180219,18,-4,1,32,15
240,20180220,11,-37,4,46,13
240,20180221,7,-33,8,49,13
240,20180222,9,-21,24,45,13
240,20180223,0,-28,5,33,12
240,20180224,-2,-30,6,37,12
240,20180225,-19,-47,7,14,14
240,20180226,-25,-51,7,6,14
240,20180227,-29,-58,24,6,15
240,20180228,-66,-87,20,-45,14
240,20180301,-49,-85,1,-9,15
240,20180302,-35,-71,7,2,14
240,20180303,-18,-48,6,12,16
240,20180304,47,-21,1,107,15
240,20180305,64,28,7,117,14
240,20180306,56,6,23,100,14
240,20180307,64,34,7,111,13
240,20180308,47,13,4,92,14
240,20180309,65,11,6,102,13
240,20180310,112,68,1,148,14
240,20180311,95,53,22,117,15
240,20180312,98,54,5,139,13
240,20180313,55,41,19,87,1
240,20180314,56,-2,5,113,14
240,20180315,70,31,3,107,12
240,20180316,38,3,24,63,1
240,20180317,-11,-24,8,6,14
240,20180318,-6,-29,4,26,15
240,20180319,-2,-33,6,39,14
240,20180320,38,-6,1,81,14
240,20180321,32,-36,6,85,13
240,20180322,64,45,4,100,14
240,20180323,62,39,24,73,12
240,20180324,64,23,24,103,16
240,20180325,54,3,3,114,15
240,20180326,47,-7,4,115,13
240,20180327,58,13,2,99,12
240,20180328,57,29,18,77,10
240,20180329,67,16,5,105,13
240,20180330,90,55,4,135,13
240,20180331,69,26,5,114,14
240,20180401,51,13,24,74,13
240,20180402,76,12,1,117,15
240,20180403,119,82,24,170,14
240,20180404,101,74,6,145,14
240,20180405,60,14,22,97,1
240,20180406,92,17,3,149,15
240,20180407,142,80,5,209,16
240,20180408,142,81,5,215,14
240,20180409,110,83,4,145,14
240,20180410,147,101,2,199,14
240,20180411,130,88,5,179,15
240,20180412,101,66,24,129,13
240,20180413,98,60,3,142,11
240,20180414,111,71,1,150,15
240,20180415,128,93,2,175,13
240,20180416,110,55,24,151,14
240,20180417,133,50,2,198,14
240,20180418,168,74,5,234,16
240,20180419,200,135,5,273,16
240,20180420,168,97,23,248,12
240,20180421,151,78,3,203,15
240,20180422,172,107,5,258,14
240,20180423,122,98,5,150,15
240,20180424,125,102,1,151,12
240,20180425,110,88,7,141,15
240,20180426,101,69,24,133,16
240,20180427,105,50,4,147,12
240,20180428,110,59,24,143,10
240,20180429,100,76,1,118,13
240,20180430,91,67,21,114,14
240,20180501,82,53,24,121,15
240,20180502,108,44,4,170,15
240,20180503,100,55,24,143,16
240,20180504,122,40,3,173,14
240,20180505,148,71,4,205,15
240,20180506,180,95,4,250,17
240,20180507,190,131,5,251,16
240,20180508,198,124,4,266,14
240,20180509,164,106,24,231,13
240,20180510,116,67,23,160,14
240,20180511,131,58,4,185,16
240,20180512,177,100,3,228,14
240,20180513,127,108,24,179,1
240,20180514,182,106,2,253,16
240,20180515,191,137,22,238,14
240,20180516,144,89,24,195,11
240,20180517,104,57,24,142,12
240,20180518,104,56,1,138,15
240,20180519,110,79,24,136,14
240,20180520,158,67,2,222,16
240,20180521,192,108,4,249,14
240,20180522,178,137,4,221,15
240,20180523,189,143,2,251,16
240,20180524,193,154,4,229,17
240,20180525,200,164,23,245,15
240,20180526,223,159,4,273,15
240,20180527,211,177,4,252,12
240,20180528,232,161,3,290,15
240,20180529,222,163,24,301,15
240,20180530,202,168,4,264,15
240,20180531,198,159,24,236,17
240,20180601,162,135,18,219,10
240,20180602,162,145,1,189,12
240,20180603,184,143,23,230,13
240,20180604,177,145,4,228,12
240,20180605,160,123,24,202,16
240,20180606,196,115,3,260,16
240,20180607,210,136,3,278,12
